,0
0,http://pbs.twimg.com/media/EmByXQTWoAAmieT.png
1,http://pbs.twimg.com/media/EmBkTc9WkAED6Ua.png
2,http://pbs.twimg.com/media/EmBWjjGXYAIv6Jg.png
3,http://pbs.twimg.com/media/EmBIzvnWkAAFr9n.png
4,http://pbs.twimg.com/media/EmA7D4TXEAAQbkU.png
5,http://pbs.twimg.com/media/EmAtUGYWkAA_b2q.png
6,http://pbs.twimg.com/media/EmAfkRQWMAEjuqH.png
7,http://pbs.twimg.com/media/EmAR0atW0AQIHNH.png
8,http://pbs.twimg.com/media/EmAEEmtW0AE6kgT.png
9,http://pbs.twimg.com/media/El_2UtGWMAE6QCS.png
10,http://pbs.twimg.com/media/El_ok_OXYAE1XYN.png
11,http://pbs.twimg.com/media/El_a1NIX0AAt4s4.png
12,http://pbs.twimg.com/media/El_NFWiX0AAwEZE.png
13,http://pbs.twimg.com/media/El-_VnGXUAALIiI.png
14,http://pbs.twimg.com/media/El-xlxSXgAA346F.png
15,http://pbs.twimg.com/media/El-j141XIAARoUt.png
16,http://pbs.twimg.com/media/El-WGCJXIAAoMg3.png
17,http://pbs.twimg.com/media/El-IWMUXYAIZEet.png
18,http://pbs.twimg.com/media/El96lIqWoAAkxV4.png
19,http://pbs.twimg.com/media/El9s1WxWkAEz8Nx.png
20,http://pbs.twimg.com/media/El9fFkIX0AEDtHt.png
21,http://pbs.twimg.com/media/El9RVtEXIAI3pN3.png
22,http://pbs.twimg.com/media/El9Dl3uWoAcOl3c.png
23,http://pbs.twimg.com/media/El812CnXgAILXFi.png
24,http://pbs.twimg.com/media/El8oGOUXYAAtcqZ.png
25,http://pbs.twimg.com/media/El8aWccW0AAqNXp.png
26,http://pbs.twimg.com/media/El8MmmTX0AEe5Dq.png
27,http://pbs.twimg.com/media/El7-2tkW0AEsATU.png
28,http://pbs.twimg.com/media/El7xG2FWMAc3B0b.png
29,http://pbs.twimg.com/media/El7jW_SXYAIuxs1.png
30,http://pbs.twimg.com/media/El7VnGYXYAIrp4t.png
31,http://pbs.twimg.com/media/El7H3RYXYAM19Je.png
32,http://pbs.twimg.com/media/El66HM-XUAUltKM.png
33,http://pbs.twimg.com/media/El6sXJBXYAIyDCB.png
34,http://pbs.twimg.com/media/El6enQkWkAgCZPG.png
35,http://pbs.twimg.com/media/El6Q3YrWMAASSRW.png
36,http://pbs.twimg.com/media/El6DHcYW0AEadrY.png
37,http://pbs.twimg.com/media/El51Xs_XEAIWJpI.png
38,http://pbs.twimg.com/media/El5nnyVWkAExhN4.png
39,http://pbs.twimg.com/media/El5Z4CGWoAMtqnu.png
40,http://pbs.twimg.com/media/El5MIXbWMAIUzrD.png
41,http://pbs.twimg.com/media/El4-YvcXIAAOXtn.png
42,http://pbs.twimg.com/media/El4wpDfXEAUsWfm.png
43,http://pbs.twimg.com/media/El4i5XTXUAECZ45.png
44,http://pbs.twimg.com/media/El4VJr4XUAMEfNZ.png
45,http://pbs.twimg.com/media/El4HZ7YWMAAR8dJ.png
46,http://pbs.twimg.com/media/El35qOxX0AAxv23.png
47,http://pbs.twimg.com/media/El3r6kQXUAAZoWh.png
48,http://pbs.twimg.com/media/El3eK7UXIAMXnZ_.png
49,http://pbs.twimg.com/media/El3QbI-XYAEXGTU.png
50,http://pbs.twimg.com/media/El3CrfPXEAADpSn.png
51,http://pbs.twimg.com/media/El207z3W0AImmlA.png
52,http://pbs.twimg.com/media/El2nMH0X0AAeXoQ.png
53,http://pbs.twimg.com/media/El2ZccHXUAI6Esr.png
54,http://pbs.twimg.com/media/El2LssbW0AUptZj.png
55,http://pbs.twimg.com/media/El199DjXUAEUMGj.png
56,http://pbs.twimg.com/media/El1wNUfXEAA5K3b.png
57,http://pbs.twimg.com/media/El1idfpWMAAbZjX.png
58,http://pbs.twimg.com/media/El1Utw9XYAAKnzT.png
59,http://pbs.twimg.com/media/El1G-G-X0AEf7IM.png
60,http://pbs.twimg.com/media/El05OPJW0AEHKcW.png
61,http://pbs.twimg.com/media/El0reglX0AE9JAX.png
62,http://pbs.twimg.com/media/El0dutpX0AI32LN.png
63,http://pbs.twimg.com/media/El0P-4xXIAExZ9r.png
64,http://pbs.twimg.com/media/El0CO_IXEAIltpJ.png
65,http://pbs.twimg.com/media/Elz0fHFXEAIZ-vS.png
66,http://pbs.twimg.com/media/ElzmvIeXIAI2gtF.png
67,http://pbs.twimg.com/media/ElzY_Q-XUAA9fRD.png
68,http://pbs.twimg.com/media/ElzLPd9X0AAgfDB.png
69,http://pbs.twimg.com/media/Ely9frqX0AAsNqy.png
70,http://pbs.twimg.com/media/ElyvwAAXEAA_Evv.png
71,http://pbs.twimg.com/media/ElyiAQgX0AE2MwW.png
72,http://pbs.twimg.com/media/ElyUQiVWoAAdJiq.png
73,http://pbs.twimg.com/media/ElyGguvWMAAj-qG.png
74,http://pbs.twimg.com/media/Elx4w-aXIAIjjaK.png
75,http://pbs.twimg.com/media/ElxrBOgWkAY98P9.png
76,http://pbs.twimg.com/media/ElxdRWrWkAEUOnZ.png
77,http://pbs.twimg.com/media/ElxPhjbXEAMnBlB.png
78,http://pbs.twimg.com/media/ElxBxrRX0AQPmkK.png
79,http://pbs.twimg.com/media/Elw0B7xWkAEKr-l.png
80,http://pbs.twimg.com/media/ElwmSOyWMAgPCjj.png
81,http://pbs.twimg.com/media/ElwYidDWMAAMQgk.png
82,http://pbs.twimg.com/media/ElwKyrgX0AEnUM5.png
83,http://pbs.twimg.com/media/Elv9Cz3XEAMapfi.png
84,http://pbs.twimg.com/media/ElvvTDhXEAArZZu.png
85,http://pbs.twimg.com/media/ElvhjQGXgAASaNe.png
86,http://pbs.twimg.com/media/ElvTzaLWoAAVQ4o.png
87,http://pbs.twimg.com/media/ElvGDl5XIAIAKWN.png
88,http://pbs.twimg.com/media/Elu4TwHXgAMHqHs.png
89,http://pbs.twimg.com/media/Eluqj7TWkAA6bqd.png
90,http://pbs.twimg.com/media/Eluc0HyW0AAkA9c.png
91,http://pbs.twimg.com/media/EluPEW-XIAMGS7t.png
92,http://pbs.twimg.com/media/EluBUoBXYAAuSvc.png
93,http://pbs.twimg.com/media/Eltzky1W0AAqcv4.png
94,http://pbs.twimg.com/media/ElsweURWkAAYAzC.png
95,http://pbs.twimg.com/media/ElsiutwWkAEQjsp.png
96,http://pbs.twimg.com/media/ElsU-62WMAAP9-L.png
97,http://pbs.twimg.com/media/ElsHPNkXIAEYFFN.png
98,http://pbs.twimg.com/media/Elr5fe1XIAQLmGu.png
99,http://pbs.twimg.com/media/Elrrvt_WkAAikHF.png
100,http://pbs.twimg.com/media/ElreAGcXEAAW6uz.png
101,http://pbs.twimg.com/media/ElrQQUuXEAI4nK6.png
102,http://pbs.twimg.com/media/ElrCgmWXgAIOqzw.png
103,http://pbs.twimg.com/media/Elq0ww2XEAQKsMD.png
104,http://pbs.twimg.com/media/ElqnA_2XYAAxO4j.png
105,http://pbs.twimg.com/media/ElqZRNAWoAApesZ.png
106,http://pbs.twimg.com/media/ElqLhbYW0AYavUB.png
107,http://pbs.twimg.com/media/Elp9xnGXYAE0Hzb.png
108,http://pbs.twimg.com/media/ElpwBvuWMAAiksw.png
109,http://pbs.twimg.com/media/ElpiR6UXYAEe3i0.png
110,http://pbs.twimg.com/media/ElpUiEXWoAADTVy.png
111,http://pbs.twimg.com/media/ElpGyNwWMAAmfAm.png
112,http://pbs.twimg.com/media/Elo5CZkWkAEdSoW.png
113,http://pbs.twimg.com/media/ElorSrWXEAAOjCw.png
114,http://pbs.twimg.com/media/ElokIcaWMAAa08D.png
115,http://pbs.twimg.com/media/EloWYxuXgAMiZbS.png
116,http://pbs.twimg.com/media/EloIo9JWMAE2-IS.png
117,http://pbs.twimg.com/media/Eln65PAXIAAvnDE.png
118,http://pbs.twimg.com/media/ElntJZQWMAEGojG.png
119,http://pbs.twimg.com/media/ElnfZlpWoAAit6w.png
120,http://pbs.twimg.com/media/Elj5BrkWoAA-NZG.png
121,http://pbs.twimg.com/media/EljrSBrXIAAyOeP.png
122,http://pbs.twimg.com/media/EljdiXNXIAAToaF.png
123,http://pbs.twimg.com/media/EljPyqOWoAYmv10.png
124,http://pbs.twimg.com/media/EljCDAuWkAAsrfa.png
125,http://pbs.twimg.com/media/Eli0TFmWkAElSP9.png
126,http://pbs.twimg.com/media/ElimjL4W0AIG8vE.png
127,http://pbs.twimg.com/media/EliYzWwX0AIedoo.png
128,http://pbs.twimg.com/media/EliLDlsXYAEax_i.png
129,http://pbs.twimg.com/media/Elh9T2oWoAMvbFm.png
130,http://pbs.twimg.com/media/ElhvkKIWMAE8ehf.png
131,http://pbs.twimg.com/media/Elhh0c9X0AEAe3t.png
132,http://pbs.twimg.com/media/ElhUErPWMAA9i1O.png
133,http://pbs.twimg.com/media/ElhGUvdWkAAg4X8.png
134,http://pbs.twimg.com/media/Elg4kuwXgAIl40i.png
135,http://pbs.twimg.com/media/Elgq05wXYAARyEG.png
136,http://pbs.twimg.com/media/ElgdFJ2W0AIHB8q.png
137,http://pbs.twimg.com/media/ElgPVbjW0AAEdE0.png
138,http://pbs.twimg.com/media/ElgBls8XYAMVFXi.png
139,http://pbs.twimg.com/media/Elfz1-RXEAAFWPN.png
140,http://pbs.twimg.com/media/ElfmGQ6XgAIQoDq.png
141,http://pbs.twimg.com/media/ElfYWhBWkAAfyvJ.png
142,http://pbs.twimg.com/media/ElfKmy1W0AEXLXN.png
143,http://pbs.twimg.com/media/Ele83EmWkAATGUW.png
144,http://pbs.twimg.com/media/ElevHaiXUAYUUpt.png
145,http://pbs.twimg.com/media/ElehXufWMAAOvrA.png
146,http://pbs.twimg.com/media/EleTlnhX0AAYYHY.png
147,http://pbs.twimg.com/media/EleF1-cWMAEih_z.png
148,http://pbs.twimg.com/media/Eld4GWPX0AEYCa-.png
149,http://pbs.twimg.com/media/EldqWueXgAAWF0S.png
150,http://pbs.twimg.com/media/EldcnEHXYAUr3Gt.png
151,http://pbs.twimg.com/media/EldO3WfX0AA70Cg.png
152,http://pbs.twimg.com/media/EldBHfbWkAQf5hI.png
153,http://pbs.twimg.com/media/ElczX2DXUAIVqS3.png
154,http://pbs.twimg.com/media/ElcloInWoAUx2g6.png
155,http://pbs.twimg.com/media/ElcX4afXYAMORfr.png
156,http://pbs.twimg.com/media/ElcKIr1XIAIQ83o.png
157,http://pbs.twimg.com/media/Elb8Y9DW0AEpcjr.png
158,http://pbs.twimg.com/media/ElbupSdXgAIRTqJ.png
159,http://pbs.twimg.com/media/Elbg5hSW0AAt59K.png
160,http://pbs.twimg.com/media/ElbTJzmWkAAY8s6.png
161,http://pbs.twimg.com/media/ElbFZhxWMAQFv9u.png
162,http://pbs.twimg.com/media/Ela3pmVXIAc52NN.png
163,http://pbs.twimg.com/media/Elap54JW0AMrECA.png
164,http://pbs.twimg.com/media/ElacKIiXIAEHdcT.png
165,http://pbs.twimg.com/media/ElaOaTXX0AENPBq.png
166,http://pbs.twimg.com/media/ElaAqcaWoAA8gEY.png
167,http://pbs.twimg.com/media/ElZy6rZX0AA1OcL.png
168,http://pbs.twimg.com/media/ElZlLCBWoAAYN6F.png
169,http://pbs.twimg.com/media/ElZXbSRXUAA7Tl0.png
170,http://pbs.twimg.com/media/ElZJrgvX0AAU1hm.png
171,http://pbs.twimg.com/media/ElY77znWoAAokRp.png
172,http://pbs.twimg.com/media/ElYuL_1WkAMToW1.png
173,http://pbs.twimg.com/media/ElYgcOcWkAIM_Pa.png
174,http://pbs.twimg.com/media/ElYSsYSXYAQCB4E.png
175,http://pbs.twimg.com/media/ElYE8jTWMAASs-i.png
176,http://pbs.twimg.com/media/ElX3MtvX0AECKxu.png
177,http://pbs.twimg.com/media/ElXpc4bXgAA9gyn.png
178,http://pbs.twimg.com/media/ElXbs-HW0AID7wY.png
179,http://pbs.twimg.com/media/ElXN9DyX0AcQQdy.png
180,http://pbs.twimg.com/media/ElXANKqXYAEDeZg.png
181,http://pbs.twimg.com/media/ElWydFGWoAQBMQ9.png
182,http://pbs.twimg.com/media/ElWktULXIAEJyKw.png
183,http://pbs.twimg.com/media/ElWW9gvX0AYFXJd.png
184,http://pbs.twimg.com/media/ElWJNfSXgAIhcWt.png
185,http://pbs.twimg.com/media/ElV7dqnWkAEsUCu.png
186,http://pbs.twimg.com/media/ElVtt9rXYAA6_Sx.png
187,http://pbs.twimg.com/media/ElVf-PPXgAAUZ9V.png
188,http://pbs.twimg.com/media/ElVSOgzWMAYcbr5.png
189,http://pbs.twimg.com/media/ElVEew2XUAM7UcF.png
190,http://pbs.twimg.com/media/ElU2u8tXUAANQ2n.png
191,http://pbs.twimg.com/media/ElUo_EaWoAAIjlT.png
192,http://pbs.twimg.com/media/ElUbPLzWkAIoHKs.png
193,http://pbs.twimg.com/media/ElUNfRSW0Agxh6S.png
194,http://pbs.twimg.com/media/ElT_va6XEAAUGVz.png
195,http://pbs.twimg.com/media/ElTx_qQWkAAfY8-.png
196,http://pbs.twimg.com/media/ElTkP6KWkAA-BZd.png
197,http://pbs.twimg.com/media/ElTWgGjX0AA2ajb.png
198,http://pbs.twimg.com/media/ElTIwJ7WkAA2QPO.png
199,http://pbs.twimg.com/media/ElS7AYQXEAEeDOC.png
200,http://pbs.twimg.com/media/ElStQmcXgAAQOFc.png
201,http://pbs.twimg.com/media/ElSfgyvXYAka6Iy.png
202,http://pbs.twimg.com/media/ElSRw5qXUAkSS_D.png
203,http://pbs.twimg.com/media/ElSEBCuWoAAEfIZ.png
204,http://pbs.twimg.com/media/ElR2RP0X0AMQuFi.png
205,http://pbs.twimg.com/media/ElRohjaXEAw5X8u.png
206,http://pbs.twimg.com/media/ElRaxu-XEAIpI5j.png
207,http://pbs.twimg.com/media/ElRNB7oW0AI0SEW.png
208,http://pbs.twimg.com/media/ElQ_SNsXEAIgHVu.png
209,http://pbs.twimg.com/media/ElQximIXgAEwCSp.png
210,http://pbs.twimg.com/media/ElQjy8EW0AQ10n6.png
211,http://pbs.twimg.com/media/ElQWDOvXgAEvInF.png
212,http://pbs.twimg.com/media/ElQITuHWMAAAiAw.png
213,http://pbs.twimg.com/media/ElP6kKnX0AAcE9s.png
214,http://pbs.twimg.com/media/ElPs0nPWoAYKcCq.png
215,http://pbs.twimg.com/media/ElPfE_jXEAEUT6B.png
216,http://pbs.twimg.com/media/ElPRVXCWMAALuvw.png
217,http://pbs.twimg.com/media/ElPDl1aWkAAQT4p.png
218,http://pbs.twimg.com/media/ElO12LsXgAYqnAz.png
219,http://pbs.twimg.com/media/ElOoGiQX0AERCZ6.png
220,http://pbs.twimg.com/media/ElOaWuDW0AAeRKe.png
221,http://pbs.twimg.com/media/ElOMm9tW0AEdOJj.png
222,http://pbs.twimg.com/media/ElN-3PTXIAI-9ya.png
223,http://pbs.twimg.com/media/ElNxHgMW0AEhhsE.png
224,http://pbs.twimg.com/media/ElNjXufWoAAGK1w.png
225,http://pbs.twimg.com/media/ElNVoBCXEAACmo_.png
226,http://pbs.twimg.com/media/ElNH37vXUAUyc0l.png
227,http://pbs.twimg.com/media/ElM6IIoXgAISa1v.png
228,http://pbs.twimg.com/media/ElMsYQsXUAkjT-D.png
229,http://pbs.twimg.com/media/ElMeofSXEAIgztE.png
230,http://pbs.twimg.com/media/ElMQ4tCWkAA3MDz.png
231,http://pbs.twimg.com/media/ElMDI4wXEAABVhD.png
232,http://pbs.twimg.com/media/ElL1ZEbXYAAVmLw.png
233,http://pbs.twimg.com/media/ElLnpAOXgAEARyJ.png
234,http://pbs.twimg.com/media/ElLZ5M1W0AEoTWV.png
235,http://pbs.twimg.com/media/ElLMJWAWAAAE0Cq.png
236,http://pbs.twimg.com/media/ElK-ZeLXIAITYHH.png
237,http://pbs.twimg.com/media/ElKwpl8WMAAnQ3Y.png
238,http://pbs.twimg.com/media/ElKi5p0WkAAw59a.png
239,http://pbs.twimg.com/media/ElKVJ0hX0AAhjIZ.png
240,http://pbs.twimg.com/media/ElKHZ7EW0AEFhP-.png
241,http://pbs.twimg.com/media/ElJ5qGtWAAACcsr.png
242,http://pbs.twimg.com/media/ElJr6PkXgAEnBH3.png
243,http://pbs.twimg.com/media/ElJeKdxXYAE6_95.png
244,http://pbs.twimg.com/media/ElJQakXXEAE6o_v.png
245,http://pbs.twimg.com/media/ElJCqoLWMAQpgQj.png
246,http://pbs.twimg.com/media/ElI068OXIAErG1_.png
247,http://pbs.twimg.com/media/ElInLH5WkAIy_jz.png
248,http://pbs.twimg.com/media/ElIZbTfWAAAqeay.png
249,http://pbs.twimg.com/media/ElILrhnXgAAaqvf.png
250,http://pbs.twimg.com/media/ElH97syXUAAzPjB.png
251,http://pbs.twimg.com/media/ElHwL1UX0AAFTmP.png
252,http://pbs.twimg.com/media/ElHicGKXEAEg3I_.png
253,http://pbs.twimg.com/media/ElHUsN1X0AALhbE.png
254,http://pbs.twimg.com/media/ElHG7NhXEAEDw9_.png
255,http://pbs.twimg.com/media/ElG5LIxXIAAmxWX.png
256,http://pbs.twimg.com/media/ElGrbVRXIAEBMPz.png
257,http://pbs.twimg.com/media/ElGdroDXEAQ95ec.png
258,http://pbs.twimg.com/media/ElGP70xW0AIkjwW.png
259,http://pbs.twimg.com/media/ElGCL7bXEAImrkc.png
260,http://pbs.twimg.com/media/ElF0cFtXEAA7G-g.png
261,http://pbs.twimg.com/media/ElFmsNIXgAEHD13.png
262,http://pbs.twimg.com/media/ElFY8S8XYAUnrgA.png
263,http://pbs.twimg.com/media/ElFLMN8XEAAE9zV.png
264,http://pbs.twimg.com/media/ElE9cTlXEAA_Fwx.png
265,http://pbs.twimg.com/media/ElEvsb5W0AAUMh0.png
266,http://pbs.twimg.com/media/ElEh8l9WkAImFXC.png
267,http://pbs.twimg.com/media/ElEUMw5XgAUPMoi.png
268,http://pbs.twimg.com/media/ElEGdAnXEAEX8Ei.png
269,http://pbs.twimg.com/media/ElD4tM5XUAUcKCA.png
270,http://pbs.twimg.com/media/ElDq9YfWMAAAToE.png
271,http://pbs.twimg.com/media/ElDdNioXEAEL_5S.png
272,http://pbs.twimg.com/media/ElDPdr7WkAA0yT-.png
273,http://pbs.twimg.com/media/ElDBt0NWAAAKb7e.png
274,http://pbs.twimg.com/media/ElCz9rnWAAAoeJA.png
275,http://pbs.twimg.com/media/ElCmLdVWMA0XMR3.png
276,http://pbs.twimg.com/media/ElCYbmAX0AIgM3K.png
277,http://pbs.twimg.com/media/ElCKrf0XEAAQVe7.png
278,http://pbs.twimg.com/media/ElB87rEW0AAHHvT.png
279,http://pbs.twimg.com/media/ElBvLtyWAAEnw5p.png
280,http://pbs.twimg.com/media/ElBhb5TXgAMyiir.png
281,http://pbs.twimg.com/media/ElBTsGmXEAQge7u.png
282,http://pbs.twimg.com/media/ElBF8O8WAAIDpXH.png
283,http://pbs.twimg.com/media/ElA4MiZXIAEPmvr.png
284,http://pbs.twimg.com/media/ElAqcsdXUAAx_IT.png
285,http://pbs.twimg.com/media/ElAcsw7XgAAPI7I.png
286,http://pbs.twimg.com/media/ElAO85oW0AABbIL.png
287,http://pbs.twimg.com/media/ElABNA-WkAEfFcD.png
288,http://pbs.twimg.com/media/Ek_zdFRWkAI83Yo.png
289,http://pbs.twimg.com/media/Ek_ltPZX0AE0NxO.png
290,http://pbs.twimg.com/media/Ek_X9A0XEAA9efw.png
291,http://pbs.twimg.com/media/Ek_KNPtXYAE-6Ul.png
292,http://pbs.twimg.com/media/Ek-8deuXUAMmBF0.png
293,http://pbs.twimg.com/media/Ek-utqAXIAA1G92.png
294,http://pbs.twimg.com/media/Ek-g95qWMAE28db.png
295,http://pbs.twimg.com/media/Ek-TOJWXEAAe3MV.png
296,http://pbs.twimg.com/media/Ek-FeX-XEAAvFJr.png
297,http://pbs.twimg.com/media/Ek93umMX0AQ-7nY.png
298,http://pbs.twimg.com/media/Ek9p9CEWAAAP8GX.png
299,http://pbs.twimg.com/media/Ek9cNNCWMAYdVJ7.png
300,http://pbs.twimg.com/media/Ek9OdW7XYAEFum6.png
301,http://pbs.twimg.com/media/Ek9Ati4WkAE0mfE.png
302,http://pbs.twimg.com/media/Ek8y9jgWMAEUG80.png
303,http://pbs.twimg.com/media/Ek8lNxMXgAEoymc.png
304,http://pbs.twimg.com/media/Ek8Xd9iWkAQnKOa.png
305,http://pbs.twimg.com/media/Ek8JuJJVgAE9nt1.png
306,http://pbs.twimg.com/media/Ek7799QWkAAWEvO.png
307,http://pbs.twimg.com/media/Ek7uOHyXYAEI-9G.png
308,http://pbs.twimg.com/media/Ek7geT5XIAQY0Vk.png
309,http://pbs.twimg.com/media/Ek7SufDXgAUl9vh.png
310,http://pbs.twimg.com/media/Ek7E-pgXYAAO8M1.png
311,http://pbs.twimg.com/media/Ek63Ow5XIAA4YNO.png
312,http://pbs.twimg.com/media/Ek6pe5gW0AAFW26.png
313,http://pbs.twimg.com/media/Ek6bu9GXIAAiljA.png
314,http://pbs.twimg.com/media/Ek6N-NVX0AEDuCR.png
315,http://pbs.twimg.com/media/Ek6AOVcXEAMVwaG.png
316,http://pbs.twimg.com/media/Ek5yeslXIAAaN7D.png
317,http://pbs.twimg.com/media/Ek5ku4zXEAUC3gp.png
318,http://pbs.twimg.com/media/Ek5W_JVX0AIiY-A.png
319,http://pbs.twimg.com/media/Ek5JPU8XgAEjmG7.png
320,http://pbs.twimg.com/media/Ek47fiRX0AI23zU.png
321,http://pbs.twimg.com/media/Ek4tvw6XUAEyq8C.png
322,http://pbs.twimg.com/media/Ek4gAD2WMAEtEFD.png
323,http://pbs.twimg.com/media/Ek4SQTQXUAE7msO.png
324,http://pbs.twimg.com/media/Ek4EgcWXIAEVysy.png
325,http://pbs.twimg.com/media/Ek32wnOXgAYGb-r.png
326,http://pbs.twimg.com/media/Ek3pAxZXgAIFZxB.png
327,http://pbs.twimg.com/media/Ek3bQ8rXEAACN5q.png
328,http://pbs.twimg.com/media/Ek3NhPrWkAAENbH.png
329,http://pbs.twimg.com/media/Ek2_xliW0AEPkZ0.png
330,http://pbs.twimg.com/media/Ek2yB7NX0AI3SSb.png
331,http://pbs.twimg.com/media/Ek2kR4-XYAEiVHC.png
332,http://pbs.twimg.com/media/Ek2WiFVWkAA1jEj.png
333,http://pbs.twimg.com/media/Ek2IyNwW0AAUTP9.png
334,http://pbs.twimg.com/media/Ek17CYfXgAAK9P3.png
335,http://pbs.twimg.com/media/Ek1tScHXUAAI4P5.png
336,http://pbs.twimg.com/media/Ek1fijmXEAAQSzv.png
337,http://pbs.twimg.com/media/Ek1Ryx2XUAAdnKv.png
338,http://pbs.twimg.com/media/Ek1EC3pXgAEn8kv.png
339,http://pbs.twimg.com/media/Ek02TD2XYAA-fuc.png
340,http://pbs.twimg.com/media/Ek0ojNpXEAEl_si.png
341,http://pbs.twimg.com/media/Ek0azZeXIAAjtDh.png
342,http://pbs.twimg.com/media/Ek0NDnkXEAEYCeW.png
343,http://pbs.twimg.com/media/Ekz_TxWWAAA4tPb.png
344,http://pbs.twimg.com/media/Ekzxj67XIAAVLQA.png
345,http://pbs.twimg.com/media/Ekzj0FWWkAACVBE.png
346,http://pbs.twimg.com/media/EkzWEQFXEAI0Znq.png
347,http://pbs.twimg.com/media/EkzIURQWkAs01wu.png
348,http://pbs.twimg.com/media/Eky6ipaXEAEoqWm.png
349,http://pbs.twimg.com/media/Ekysym2XEAIUNIb.png
350,http://pbs.twimg.com/media/EkyfCsXXEAAgMcb.png
351,http://pbs.twimg.com/media/EkyRSmDXEAgDnEf.png
352,http://pbs.twimg.com/media/EkyDisNUcAIhkpW.png
353,http://pbs.twimg.com/media/Ekx1yrCXEAEh91x.png
354,http://pbs.twimg.com/media/EkxoC0DXUAU9i2-.png
355,http://pbs.twimg.com/media/EkxaTEyXIAYLo3I.png
356,http://pbs.twimg.com/media/EkxMjStXEAMl7ok.png
357,http://pbs.twimg.com/media/Ekw-zhPWkAEUZEY.png
358,http://pbs.twimg.com/media/EkwxDrCXgAAEYQl.png
359,http://pbs.twimg.com/media/EkwjT1sWkAMOvUv.png
360,http://pbs.twimg.com/media/EkwVkBLX0AEfUDD.png
361,http://pbs.twimg.com/media/EkwH0OPWkAA16u2.png
362,http://pbs.twimg.com/media/Ekv6EagXEAA4jP5.png
363,http://pbs.twimg.com/media/EkvsUacXIAA_sKD.png
364,http://pbs.twimg.com/media/EkveknDXIAAdwaU.png
365,http://pbs.twimg.com/media/EkvQ06RXUAIjTVQ.png
366,http://pbs.twimg.com/media/EkvDFJYW0AADQ-W.png
367,http://pbs.twimg.com/media/Eku1VUhXEAEemhe.png
368,http://pbs.twimg.com/media/EkunlmcWAAAa47G.png
369,http://pbs.twimg.com/media/EkuZ13uXgAACvZ0.png
370,http://pbs.twimg.com/media/EkuMGFxXIAAtrLz.png
371,http://pbs.twimg.com/media/Ekt-WYJXEAIoM9x.png
372,http://pbs.twimg.com/media/EktwmsjW0AAUU5c.png
373,http://pbs.twimg.com/media/Ekti2-yXUAM80Po.png
374,http://pbs.twimg.com/media/EktVHUbXgAER86v.png
375,http://pbs.twimg.com/media/EktHXqfWAAEs-ls.png
376,http://pbs.twimg.com/media/Eks5nGgWkAA593V.png
377,http://pbs.twimg.com/media/Eksr3fRXUAEXdHh.png
378,http://pbs.twimg.com/media/EkseHvHWkAANtrf.png
379,http://pbs.twimg.com/media/EksQYFyW0AYDsC-.png
380,http://pbs.twimg.com/media/EksCoVrXgAADgJf.png
381,http://pbs.twimg.com/media/Ekr04ddWkAIz_V4.png
382,http://pbs.twimg.com/media/EkrnIsIWAAAkIIA.png
383,http://pbs.twimg.com/media/EkrZZAGXUAItYXG.png
384,http://pbs.twimg.com/media/EkrLpRYWkAEYopt.png
385,http://pbs.twimg.com/media/Ekq95gAW0AEhIDx.png
386,http://pbs.twimg.com/media/EkqwJx3XgAE00Bf.png
387,http://pbs.twimg.com/media/EkqiaCSXIAEvNvl.png
388,http://pbs.twimg.com/media/EkqUqSYWAAIK469.png
389,http://pbs.twimg.com/media/EkqG6lwXEAEM4Hj.png
390,http://pbs.twimg.com/media/Ekp5K8hWMAITg89.png
391,http://pbs.twimg.com/media/EkprbRUWkAMgx5i.png
392,http://pbs.twimg.com/media/EkpdrivWMAAirK5.png
393,http://pbs.twimg.com/media/EkpP74UWMAA8kSG.png
394,http://pbs.twimg.com/media/EkpCMKNXYAEUu6b.png
395,http://pbs.twimg.com/media/Eko0cgWXEAMVPGM.png
396,http://pbs.twimg.com/media/Ekomsx9WAAAkYOo.png
397,http://pbs.twimg.com/media/EkoY9EKWkAkIhqi.png
398,http://pbs.twimg.com/media/EkoLNcrX0AAJgQl.png
399,http://pbs.twimg.com/media/Ekn9d1GXUAI78Mk.png
400,http://pbs.twimg.com/media/EknvuLnXYAAaq9t.png
401,http://pbs.twimg.com/media/Eknh-elXIAEkuRx.png
402,http://pbs.twimg.com/media/EknUOt1X0AA2TwZ.png
403,http://pbs.twimg.com/media/EklxuVxXgAAj3tm.png
404,http://pbs.twimg.com/media/Eklj-m5WAAAx1TI.png
405,http://pbs.twimg.com/media/EklWOy6XYAIywVD.png
406,http://pbs.twimg.com/media/EklIfIGWMAInDzB.png
407,http://pbs.twimg.com/media/Ekk6vdsXUAIbbvs.png
408,http://pbs.twimg.com/media/Ekks_xwWMAAHj02.png
409,http://pbs.twimg.com/media/EkkfPQRW0AEwqxC.png
410,http://pbs.twimg.com/media/EkkRfm3WMAYSOzY.png
411,http://pbs.twimg.com/media/EkkDwLrWAAAzgLr.png
412,http://pbs.twimg.com/media/Ekj2ApLWMAAChiB.png
413,http://pbs.twimg.com/media/EkjoRTuWkAEM_ds.png
414,http://pbs.twimg.com/media/Ekjah8FXUAAr_uP.png
415,http://pbs.twimg.com/media/EkjMyPhXgAE0hiU.png
416,http://pbs.twimg.com/media/Eki_ClzXUAQniMz.png
417,http://pbs.twimg.com/media/EkixS2kWkAYANPa.png
418,http://pbs.twimg.com/media/EkijjNYXgAA1me0.png
419,http://pbs.twimg.com/media/EkiVzjsXIAAeBT2.png
420,http://pbs.twimg.com/media/EkiID0ZXYAAjeWf.png
421,http://pbs.twimg.com/media/Ekh6UPsW0AE3Fdm.png
422,http://pbs.twimg.com/media/EkhsksVWAAIrohq.png
423,http://pbs.twimg.com/media/Ekhe1EpX0AAZQyX.png
424,http://pbs.twimg.com/media/EkhRFISXIAI1nAj.png
425,http://pbs.twimg.com/media/EkhDVg2WAAAQqhI.png
426,http://pbs.twimg.com/media/Ekg1l0TXEAEnh0e.png
427,http://pbs.twimg.com/media/Ekgn2MqXIAA8_LK.png
428,http://pbs.twimg.com/media/EkgaGnbXgAExs3x.png
429,http://pbs.twimg.com/media/EkgMW_ZXYAUheVc.png
430,http://pbs.twimg.com/media/Ekf-nWHXIAEeSW5.png
431,http://pbs.twimg.com/media/Ekfw21UXgAUxh_v.png
432,http://pbs.twimg.com/media/EkfjHJ6XIAA0u0e.png
433,http://pbs.twimg.com/media/EkfVXe8XgAEWwL9.png
434,http://pbs.twimg.com/media/EkfHn3hXgAAWcgo.png
435,http://pbs.twimg.com/media/Eke54TWW0AAj-EP.png
436,http://pbs.twimg.com/media/EkesIs2WAAIxKmm.png
437,http://pbs.twimg.com/media/EkeeY5OXIAAPhNZ.png
438,http://pbs.twimg.com/media/EkeQpFYXgAE3dGu.png
439,http://pbs.twimg.com/media/EkeC5hNXIAEdL9P.png
440,http://pbs.twimg.com/media/Ekd1J6UX0AAtO7R.png
441,http://pbs.twimg.com/media/EkdnaNyXEAYTh5i.png
442,http://pbs.twimg.com/media/EkdZqh_WAAEoChl.png
443,http://pbs.twimg.com/media/EkZl4T5XsAUHCNz.png
444,http://pbs.twimg.com/media/EkZYIlVWAAYnwdP.png
445,http://pbs.twimg.com/media/EkZKY5EWoAAj1Zr.png
446,http://pbs.twimg.com/media/EkY8pHUXkAAQe3Z.png
447,http://pbs.twimg.com/media/EkYu5eVX0AQgsYa.png
448,http://pbs.twimg.com/media/EkYhJtGX0AAfeNZ.png
449,http://pbs.twimg.com/media/EkYTaGxXYAAz9VI.png
450,http://pbs.twimg.com/media/EkYFqdaWsAAoROl.png
451,http://pbs.twimg.com/media/EkX36rVWAAE0jEB.png
452,http://pbs.twimg.com/media/EkXqK8KXgAAfdL8.png
453,http://pbs.twimg.com/media/EkXcbQzXcAE-PeP.png
454,http://pbs.twimg.com/media/EkXOrhMWsAIXL0d.png
455,http://pbs.twimg.com/media/EkXA720XYAAD4Xm.png
456,http://pbs.twimg.com/media/EkWzMDTXkAEG9tW.png
457,http://pbs.twimg.com/media/EkWlcN-WkAA17SR.png
458,http://pbs.twimg.com/media/EkWXsnKWAAEqbhI.png
459,http://pbs.twimg.com/media/EkWJ88kWoAYRt-9.png
460,http://pbs.twimg.com/media/EkV8NWOXYAEBJLM.png
461,http://pbs.twimg.com/media/EkVudkCXkAA8qsu.png
462,http://pbs.twimg.com/media/EkVgt7NWoAAEKxg.png
463,http://pbs.twimg.com/media/EkVS-R1XkAAv9o7.png
464,http://pbs.twimg.com/media/EkVFOdSXYAIPnth.png
465,http://pbs.twimg.com/media/EkU3eraWkAElrLq.png
466,http://pbs.twimg.com/media/EkUpvBaXYAMYw4I.png
467,http://pbs.twimg.com/media/EkUb_WTXkAEsgDX.png
468,http://pbs.twimg.com/media/EkUOPqPXcAA_c5l.png
469,http://pbs.twimg.com/media/EkUAf4rXcAUTPfA.png
470,http://pbs.twimg.com/media/EkTywCzXYAMEZtq.png
471,http://pbs.twimg.com/media/EkTlASYWAAMKsGr.png
472,http://pbs.twimg.com/media/EkTXQoxWoAAbYa2.png
473,http://pbs.twimg.com/media/EkTJgzXXgAMObfu.png
474,http://pbs.twimg.com/media/EkS7w9OXYAIBr5T.png
475,http://pbs.twimg.com/media/EkSuBKaXsAEae9G.png
476,http://pbs.twimg.com/media/EkQ_E84XYAUpEV0.png
477,http://pbs.twimg.com/media/EkQxVOKWsAAFWns.png
478,http://pbs.twimg.com/media/EkQjlgxX0AAykBk.png
479,http://pbs.twimg.com/media/EkQV1r6XcAIQFFc.png
480,http://pbs.twimg.com/media/EkQIFojWkAA_kRu.png
481,http://pbs.twimg.com/media/EkP6VvbWAAAPwDc.png
482,http://pbs.twimg.com/media/EkPsmCdXYAIrMKy.png
483,http://pbs.twimg.com/media/EkPe1_LWkAAuqpn.png
484,http://pbs.twimg.com/media/EkPRGPtWoAkyjCu.png
485,http://pbs.twimg.com/media/EkPDWh2XkAA4Bms.png
486,http://pbs.twimg.com/media/EkO1k-sXgAQfF7R.png
487,http://pbs.twimg.com/media/EkOn1Q7WsAUWXvs.png
488,http://pbs.twimg.com/media/EkOaFf6WkAEG6jc.png
489,http://pbs.twimg.com/media/EkOMVmVXgAEZKUl.png
490,http://pbs.twimg.com/media/EkN-lyuWAAUN6uM.png
491,http://pbs.twimg.com/media/EkNw1-NUcAUJxcd.png
492,http://pbs.twimg.com/media/EkNjFyPXYAAxQKH.png
493,http://pbs.twimg.com/media/EkNVV74WsAAeMvw.png
494,http://pbs.twimg.com/media/EkNHmI7WkAAb0ya.png
495,http://pbs.twimg.com/media/EkM52cdX0AI8f9X.png
496,http://pbs.twimg.com/media/EkMsGpuWkAAFAdj.png
497,http://pbs.twimg.com/media/EkMeW3jWsAEcDYz.png
498,http://pbs.twimg.com/media/EkMQnFAXYAEACSr.png
499,http://pbs.twimg.com/media/EkMC3YSWsAAa8C4.png
500,http://pbs.twimg.com/media/EkL1HsgWkAE8Qlp.png
501,http://pbs.twimg.com/media/EkLnX9SXsAEpXVP.png
502,http://pbs.twimg.com/media/EkLZoQsXkAAo3UL.png
503,http://pbs.twimg.com/media/EkLL4loWoAA8M7N.png
504,http://pbs.twimg.com/media/EkK-Iz4WkAA3WrI.png
505,http://pbs.twimg.com/media/EkKwZDVX0AYW66u.png
506,http://pbs.twimg.com/media/EkKipL6XcAA2TDP.png
507,http://pbs.twimg.com/media/EkKU5cQXkAENz8D.png
508,http://pbs.twimg.com/media/EkKHJmLWkAcs-pP.png
509,http://pbs.twimg.com/media/EkJ5Z0UX0AcnJUd.png
510,http://pbs.twimg.com/media/EkJrp96XsAIoU4C.png
511,http://pbs.twimg.com/media/EkJd6EUWAAEDCxQ.png
512,http://pbs.twimg.com/media/EkJQKLKWsAE0R6l.png
513,http://pbs.twimg.com/media/EkJCaZ7XcAIuF4J.png
514,http://pbs.twimg.com/media/EkI0qWnXkAAPXc4.png
515,http://pbs.twimg.com/media/EkIm6jZWoAABnd1.png
516,http://pbs.twimg.com/media/EkIZKtsWAAEpBcV.png
517,http://pbs.twimg.com/media/EkILa6kXgAMX-Es.png
518,http://pbs.twimg.com/media/EkH9rGrWAAEzwke.png
519,http://pbs.twimg.com/media/EkHv7PXWsAI7Mv0.png
520,http://pbs.twimg.com/media/EkHiLf3WoAEuCy1.png
521,http://pbs.twimg.com/media/EkHUbrxXgAMmaAL.png
522,http://pbs.twimg.com/media/EkHGr-BXgAAsirQ.png
523,http://pbs.twimg.com/media/EkG48QwXsAAVy7C.png
524,http://pbs.twimg.com/media/EkGrMfjX0AIfWab.png
525,http://pbs.twimg.com/media/EkGdczFXgAAD_lg.png
526,http://pbs.twimg.com/media/EkGPtAAWAAIAiAW.png
527,http://pbs.twimg.com/media/EkGB9QUXsAEoudC.png
528,http://pbs.twimg.com/media/EkF0Nc-XgAEwffY.png
529,http://pbs.twimg.com/media/EkFmduMWAAEbPwQ.png
530,http://pbs.twimg.com/media/EkFYt-NWAAEADGG.png
531,http://pbs.twimg.com/media/EkFK-NfXkAI1AQt.png
532,http://pbs.twimg.com/media/EkE9OgWWAAE43XS.png
533,http://pbs.twimg.com/media/EkEve2eWoAASVQ_.png
534,http://pbs.twimg.com/media/EkEhvHiWsAAu-QP.png
535,http://pbs.twimg.com/media/EkET_bWX0Ag5zqz.png
536,http://pbs.twimg.com/media/EkEGPqsWsAA2qkg.png
537,http://pbs.twimg.com/media/EkD4f6UWsAIj1sI.png
538,http://pbs.twimg.com/media/EkDqwMiXkAAkODO.png
539,http://pbs.twimg.com/media/EkDdAgXWAAIEXM0.png
540,http://pbs.twimg.com/media/EkDPQtaWsAEmrlA.png
541,http://pbs.twimg.com/media/EkDBg9lX0AE7-c6.png
542,http://pbs.twimg.com/media/EkCzxM0XYAA7K2h.png
543,http://pbs.twimg.com/media/EkCmBchUwAELSss.png
544,http://pbs.twimg.com/media/EkCYRk_XsAAk0Z_.png
545,http://pbs.twimg.com/media/EkCKhxDXcAIi9fN.png
546,http://pbs.twimg.com/media/EkB8x8tXgAA6haB.png
547,http://pbs.twimg.com/media/EkBvCMwWkAAVHxR.png
548,http://pbs.twimg.com/media/EkBhSeNWoAcpQCO.png
549,http://pbs.twimg.com/media/EkBTirlWoAAvQPN.png
550,http://pbs.twimg.com/media/EkBFy3dXYAE9JwB.png
551,http://pbs.twimg.com/media/EkA4DIJWkAYbdee.png
552,http://pbs.twimg.com/media/EkAqTXCXgAAihhX.png
553,http://pbs.twimg.com/media/EkAcjs6WAAIkYZ5.png
554,http://pbs.twimg.com/media/EkAOz5cX0AMybAG.png
555,http://pbs.twimg.com/media/EkABEICXYAIxCFX.png
556,http://pbs.twimg.com/media/Ej_zUTkWkAEIRg9.png
557,http://pbs.twimg.com/media/Ej_lkmAXYAUqclT.png
558,http://pbs.twimg.com/media/Ej_X02jXcAAbSOy.png
559,http://pbs.twimg.com/media/Ej_KFAaXkAEBCXS.png
560,http://pbs.twimg.com/media/Ej-8VMTXkAMI8TN.png
561,http://pbs.twimg.com/media/Ej-ulaJX0AIeLjQ.png
562,http://pbs.twimg.com/media/Ej-g1pXWoAAQBAb.png
563,http://pbs.twimg.com/media/Ej-TF1dWoAIeyra.png
564,http://pbs.twimg.com/media/Ej-FWTAWsAM_dW5.png
565,http://pbs.twimg.com/media/Ej93mrmXsAAKZu4.png
566,http://pbs.twimg.com/media/Ej8Bd5LXcAAmibL.png
567,http://pbs.twimg.com/media/Ej7zuQHXgAA44QQ.png
568,http://pbs.twimg.com/media/Ej7l-a-XgAArOGM.png
569,http://pbs.twimg.com/media/Ej7YOsYXkAAlatU.png
570,http://pbs.twimg.com/media/Ej7Ke77WoAEhfgp.png
571,http://pbs.twimg.com/media/Ej68vRBWAAAsY5E.png
572,http://pbs.twimg.com/media/Ej6u_g6XgAAtX-7.png
573,http://pbs.twimg.com/media/Ej6hPxMX0AANpFg.png
574,http://pbs.twimg.com/media/Ej6Tf3YWAAQkYpI.png
575,http://pbs.twimg.com/media/Ej6FwBpWoAMaiVy.png
576,http://pbs.twimg.com/media/Ej54APFXgAAVm_J.png
577,http://pbs.twimg.com/media/Ej5qQmYWsAAGkiQ.png
578,http://pbs.twimg.com/media/Ej5cg1CXgAAK2va.png
579,http://pbs.twimg.com/media/Ej5OxF3VcAIGh6p.png
580,http://pbs.twimg.com/media/Ej5BA9cXkAAW1W0.png
581,http://pbs.twimg.com/media/Ej4zRJjWsAAjQfT.png
582,http://pbs.twimg.com/media/Ej4lhQGXYAE_JPl.png
583,http://pbs.twimg.com/media/Ej4XxboWoAAIyR0.png
584,http://pbs.twimg.com/media/Ej4KBzgWoAETu8P.png
585,http://pbs.twimg.com/media/Ej38SJmXYAAEcBW.png
586,http://pbs.twimg.com/media/Ej3uig3WoAAaVV1.png
587,http://pbs.twimg.com/media/Ej3gyxGXcAAQABp.png
588,http://pbs.twimg.com/media/Ej3TDDNWkAIGKIa.png
589,http://pbs.twimg.com/media/Ej3FTTBXgAA_7pN.png
590,http://pbs.twimg.com/media/Ej23jiiWkAAkcwW.png
591,http://pbs.twimg.com/media/Ej2pzybWoAEaI-9.png
592,http://pbs.twimg.com/media/EjyBn-JWoAAcR4W.png
593,http://pbs.twimg.com/media/Ejxz4OMXgAMnDSt.png
594,http://pbs.twimg.com/media/EjxmIerX0AEnE1U.png
595,http://pbs.twimg.com/media/EjxYYZaWoAEtd6D.png
596,http://pbs.twimg.com/media/EjxKofOWkAAsARQ.png
597,http://pbs.twimg.com/media/Ejw84jlWAAAFzk7.png
598,http://pbs.twimg.com/media/EjwvIyzXYAE_t29.png
599,http://pbs.twimg.com/media/EjwhY6xWsAABWqD.png
600,http://pbs.twimg.com/media/EjwTpB7WAAEoVIq.png
601,http://pbs.twimg.com/media/EjwF5RmXgAAcu73.png
602,http://pbs.twimg.com/media/Ejv4JfrWkAEHA4r.png
603,http://pbs.twimg.com/media/EjvqZxoUYAA_BGv.png
604,http://pbs.twimg.com/media/Ejvcp1BXYAAFqr1.png
605,http://pbs.twimg.com/media/EjvO5DrXYAEV_w-.png
606,http://pbs.twimg.com/media/EjvBJBgWsAABn2e.png
607,http://pbs.twimg.com/media/EjuzY-gXgAEdG41.png
608,http://pbs.twimg.com/media/Ejulo5GX0AENM6E.png
609,http://pbs.twimg.com/media/EjuX5JEXcAAZGjS.png
610,http://pbs.twimg.com/media/EjuKJT4WAAED9p_.png
611,http://pbs.twimg.com/media/Ejt8ZhGXcAAzURS.png
612,http://pbs.twimg.com/media/EjtupgFWkAM0U_t.png
613,http://pbs.twimg.com/media/Ejtg5tHXsAY-qjw.png
614,http://pbs.twimg.com/media/EjtTJ7VXYAAqOdA.png
615,http://pbs.twimg.com/media/EjtFaOUWkAEjyZk.png
616,http://pbs.twimg.com/media/Ejs3qLpWkAQMF1n.png
617,http://pbs.twimg.com/media/Ejsp6eRXYAAfLab.png
618,http://pbs.twimg.com/media/EjscKw4XYAA5s_D.png
619,http://pbs.twimg.com/media/EjsObAkXsAA8xVX.png
620,http://pbs.twimg.com/media/EjsArR_XgAImjIb.png
621,http://pbs.twimg.com/media/Ejry7lIWAAA2NSs.png
622,http://pbs.twimg.com/media/EjrlKlqX0AATVgQ.png
623,http://pbs.twimg.com/media/EjrXayTXkAM2cOV.png
624,http://pbs.twimg.com/media/EjrJq_iXcAAjhQo.png
625,http://pbs.twimg.com/media/Ejq77TmXkAA6JnC.png
626,http://pbs.twimg.com/media/EjquLjtXcAEbI9f.png
627,http://pbs.twimg.com/media/Ejqgb13X0AAJOhL.png
628,http://pbs.twimg.com/media/EjqSr9uWAAAaUhk.png
629,http://pbs.twimg.com/media/EjqE8EjWoAksfX0.png
630,http://pbs.twimg.com/media/Ejp3MZYWkAAfQGJ.png
631,http://pbs.twimg.com/media/EjppcjEXcAcxgxt.png
632,http://pbs.twimg.com/media/EjpbstDX0AA5fGt.png
633,http://pbs.twimg.com/media/EjpN89sXsAAMqa1.png
634,http://pbs.twimg.com/media/EjpANO2X0AALCDT.png
635,http://pbs.twimg.com/media/EjoydiZX0AAqAmx.png
636,http://pbs.twimg.com/media/EjoktzWXsAEZnCH.png
637,http://pbs.twimg.com/media/EjoW-MJWAAAhfU1.png
638,http://pbs.twimg.com/media/EjoJOZ7XsAAAw91.png
639,http://pbs.twimg.com/media/Ejn7ejtXsAYI01z.png
640,http://pbs.twimg.com/media/Ejntu1uXsAAN2Zj.png
641,http://pbs.twimg.com/media/Ejnf_JZXYAEmyw2.png
642,http://pbs.twimg.com/media/EjnSPTEXsAAULvN.png
643,http://pbs.twimg.com/media/EjnEfisWAAAFg2E.png
644,http://pbs.twimg.com/media/Ejm2vneXcAEH_iU.png
645,http://pbs.twimg.com/media/Ejmo_3dXkAEGvXI.png
646,http://pbs.twimg.com/media/EjmbQFLXkAIHF2w.png
647,http://pbs.twimg.com/media/EjmNgOeWkAEgQO_.png
648,http://pbs.twimg.com/media/Ejl_wVsXcAMVv4K.png
649,http://pbs.twimg.com/media/EjlyAkDXkAgVbON.png
650,http://pbs.twimg.com/media/EjlkQyqWAAoDfNp.png
651,http://pbs.twimg.com/media/EjlWhCsWsAcDepE.png
652,http://pbs.twimg.com/media/EjlIxLbXcAE8viR.png
653,http://pbs.twimg.com/media/Ejk7BLmXgAA9IgF.png
654,http://pbs.twimg.com/media/EjktQLRXkAcHw0t.png
655,http://pbs.twimg.com/media/EjkfgaBWAAE2B15.png
656,http://pbs.twimg.com/media/EjkRwdHXkAM16cz.png
657,http://pbs.twimg.com/media/EjkEAqtXcAYnOpg.png
658,http://pbs.twimg.com/media/Ejj2QzOXgAAFfjL.png
659,http://pbs.twimg.com/media/Ejjog-xXYAExP2G.png
660,http://pbs.twimg.com/media/EjjaxB0WoAAYD8A.png
661,http://pbs.twimg.com/media/EjjNBNfXgAM-vi-.png
662,http://pbs.twimg.com/media/Eji_RauWsAEB4uX.png
663,http://pbs.twimg.com/media/EjixhiLXsAAVtr-.png
664,http://pbs.twimg.com/media/Ejijx1rWsAABhmS.png
665,http://pbs.twimg.com/media/EjiWCGbXgAE-15p.png
666,http://pbs.twimg.com/media/EjiISR5WoAA-3L_.png
667,http://pbs.twimg.com/media/Ejh6ifvXgAAq1Fk.png
668,http://pbs.twimg.com/media/EjhsyWlWkAAlvu8.png
669,http://pbs.twimg.com/media/EjhfBKeWoAA-e4B.png
670,http://pbs.twimg.com/media/EjhRRV4XgAEHoU-.png
671,http://pbs.twimg.com/media/EjhDhqUXYAUOfm1.png
672,http://pbs.twimg.com/media/Ejg1x5oXkAEojq3.png
673,http://pbs.twimg.com/media/EjgoCNoXkAQ9Os8.png
674,http://pbs.twimg.com/media/EjgaSZ3WsAIuBEN.png
675,http://pbs.twimg.com/media/EjgMijeXkAInhTG.png
676,http://pbs.twimg.com/media/Ejf-yqpXgAEOhxZ.png
677,http://pbs.twimg.com/media/EjfxCx0X0AYygsi.png
678,http://pbs.twimg.com/media/EjfjTAjXYAQKSRR.png
679,http://pbs.twimg.com/media/EjfVjCYXsAEJaPu.png
680,http://pbs.twimg.com/media/EjfHzNyXYAAztIp.png
681,http://pbs.twimg.com/media/Eje6DgiXYAICchb.png
682,http://pbs.twimg.com/media/EjesTwnXgAUtDC1.png
683,http://pbs.twimg.com/media/Ejeej_dXYAY3HEP.png
684,http://pbs.twimg.com/media/EjeQ0LeXcAYIrCO.png
685,http://pbs.twimg.com/media/EjeDD5tX0AMqyfv.png
686,http://pbs.twimg.com/media/Ejd1UKxXYAACaj_.png
687,http://pbs.twimg.com/media/EjdnkWlXsAETNgQ.png
688,http://pbs.twimg.com/media/EjdZ0myWkAEMQNK.png
689,http://pbs.twimg.com/media/EjdMExxXsAATv5k.png
690,http://pbs.twimg.com/media/Ejc-U_qWsAAG6aE.png
691,http://pbs.twimg.com/media/EjcwlP5XYAAm81r.png
692,http://pbs.twimg.com/media/Ejci1XwXcAA6mC6.png
693,http://pbs.twimg.com/media/EjU5NeNWsAEp0su.png
694,http://pbs.twimg.com/media/EjUrdiUWoAMfOsx.png
695,http://pbs.twimg.com/media/EjUdt0XWkAQUsOe.png
696,http://pbs.twimg.com/media/EjUP-BtXcAI85fl.png
697,http://pbs.twimg.com/media/EjUCOKCWsAIoUwA.png
698,http://pbs.twimg.com/media/EjT0eXWUYAIwA7S.png
699,http://pbs.twimg.com/media/EjTmuf2XkAAXYgz.png
700,http://pbs.twimg.com/media/EjTY-vqXkAI0sxB.png
701,http://pbs.twimg.com/media/EjTLO_TWAAEm-0n.png
702,http://pbs.twimg.com/media/EjS9fNfWoAAZJ88.png
703,http://pbs.twimg.com/media/EjSvvUcWkAA6NXB.png
704,http://pbs.twimg.com/media/EjSh_hvX0AAsxr9.png
705,http://pbs.twimg.com/media/EjSUPreXYAATSsR.png
706,http://pbs.twimg.com/media/EjSGf6OXkAUV7nm.png
707,http://pbs.twimg.com/media/EjR4v9oXgAAhYRc.png
708,http://pbs.twimg.com/media/EjRrAK-WAAAalPy.png
709,http://pbs.twimg.com/media/EjRdQVZXkAgH_Eg.png
710,http://pbs.twimg.com/media/EjRPgcqWoBAvg9C.png
711,http://pbs.twimg.com/media/EjRBwlJX0AARrUM.png
712,http://pbs.twimg.com/media/EjQ0AwtXkAAYWxK.png
713,http://pbs.twimg.com/media/EjQmQzNWAAE0_E1.png
714,http://pbs.twimg.com/media/EjQYhAmWAAMqZhN.png
715,http://pbs.twimg.com/media/EjQKxQNXYAEn0_2.png
716,http://pbs.twimg.com/media/EjP9ALiWAAIDHkB.png
717,http://pbs.twimg.com/media/EjPvQZVXsAIFEUg.png
718,http://pbs.twimg.com/media/EjPhgkIXcAAEkCl.png
719,http://pbs.twimg.com/media/EjPTwpDXkAA938H.png
720,http://pbs.twimg.com/media/EjPGA05XsAcjtYV.png
721,http://pbs.twimg.com/media/EjO4Q_kWsAAYD9K.png
722,http://pbs.twimg.com/media/EjOqhOiWkAEnXBb.png
723,http://pbs.twimg.com/media/EjOcxYVXkAADugJ.png
724,http://pbs.twimg.com/media/EjOPBOFXsAEjZ9B.png
725,http://pbs.twimg.com/media/EjOBRLHXsAAqQhc.png
726,http://pbs.twimg.com/media/EjNzhOjXgAA2gbY.png
727,http://pbs.twimg.com/media/EjNlxG2X0AAHAiL.png
728,http://pbs.twimg.com/media/EjNYBDyXcAArg_h.png
729,http://pbs.twimg.com/media/EjNKRB2WsAY9i6s.png
730,http://pbs.twimg.com/media/EjM8hHKXsAAMYSy.png
731,http://pbs.twimg.com/media/EjMuxWDX0AAqyQy.png
732,http://pbs.twimg.com/media/EjMhBvhXkAAqtFx.png
733,http://pbs.twimg.com/media/EjMTSL0XkAIWoWY.png
734,http://pbs.twimg.com/media/EjMFiTkXcAEm8VV.png
735,http://pbs.twimg.com/media/EjL3ylzWkAQd2P1.png
736,http://pbs.twimg.com/media/EjLqCu7WsAQQXo9.png
737,http://pbs.twimg.com/media/EjLcS_2XsAM58U7.png
738,http://pbs.twimg.com/media/EjLOjUFXYAQIgma.png
739,http://pbs.twimg.com/media/EjLAzZTWoAA4Wjk.png
740,http://pbs.twimg.com/media/EjKzD0PXsAMNXGO.png
741,http://pbs.twimg.com/media/EjKlUMIWoAEmdme.png
742,http://pbs.twimg.com/media/EjKXkgsWAAE99w3.png
743,http://pbs.twimg.com/media/EjKJ06TX0AEI3E8.png
744,http://pbs.twimg.com/media/EjJ8FSIXgAAFs7n.png
745,http://pbs.twimg.com/media/EjJuVxmWAAE-H9N.png
746,http://pbs.twimg.com/media/EjJgmKSXsAAI1mJ.png
747,http://pbs.twimg.com/media/EjJS2kvXcAM_g7a.png
748,http://pbs.twimg.com/media/EjJFG7dWoAEl367.png
749,http://pbs.twimg.com/media/EjI3XRCXYAAxFQO.png
750,http://pbs.twimg.com/media/EjIpnn3XcAECDyw.png
751,http://pbs.twimg.com/media/EjIb39aXkAILb9q.png
752,http://pbs.twimg.com/media/EjIOISlWkAUXDUF.png
753,http://pbs.twimg.com/media/EjIAYV6WoAIe7b-.png
754,http://pbs.twimg.com/media/EjHyok_XYAIjwWt.png
755,http://pbs.twimg.com/media/EjHk4baXcAE09Rz.png
756,http://pbs.twimg.com/media/EjHXIpnXYAEIi-3.png
757,http://pbs.twimg.com/media/EjHJY1HX0AEJkzw.png
758,http://pbs.twimg.com/media/EjG7o8VXsAMIHfA.png
759,http://pbs.twimg.com/media/EjGt5CLWkAIzMqf.png
760,http://pbs.twimg.com/media/EjGgJR5WsAcVatY.png
761,http://pbs.twimg.com/media/EjGSZTuX0AIc3wk.png
762,http://pbs.twimg.com/media/EjGEpS_WkAA-abl.png
763,http://pbs.twimg.com/media/EjF25Z9XcAMi4rp.png
764,http://pbs.twimg.com/media/EjFpJlAWAAMpHSG.png
765,http://pbs.twimg.com/media/EjFbZyOWoAA8UCm.png
766,http://pbs.twimg.com/media/EjFNqAQXgAIFpbn.png
767,http://pbs.twimg.com/media/EjE_6PaXsAIkbH9.png
768,http://pbs.twimg.com/media/EjEyKXYXcAENhMV.png
769,http://pbs.twimg.com/media/EjEkangXYAAd2Xz.png
770,http://pbs.twimg.com/media/EjEWq6XWoAAz_0-.png
771,http://pbs.twimg.com/media/EjEI69aWoAEUOOr.png
772,http://pbs.twimg.com/media/EjD7K-GXcAEKSxP.png
773,http://pbs.twimg.com/media/EjDta_gWsAA1O_B.png
774,http://pbs.twimg.com/media/EjDfq_IWsAANSDr.png
775,http://pbs.twimg.com/media/EjDR7DEXYAI8ETc.png
776,http://pbs.twimg.com/media/EjDELU8XsAEpszg.png
777,http://pbs.twimg.com/media/EjC2beNWkAA3HXP.png
778,http://pbs.twimg.com/media/EjCorkQWsAc4i7m.png
779,http://pbs.twimg.com/media/EjCa7lWXYAAAhyr.png
780,http://pbs.twimg.com/media/EjCNLujWAAQKvrx.png
781,http://pbs.twimg.com/media/EjB_b_OWAAk0qjE.png
782,http://pbs.twimg.com/media/EjBxsQTWkAI_eT0.png
783,http://pbs.twimg.com/media/EjBj8ftWAAYRjJw.png
784,http://pbs.twimg.com/media/EjBWMhZXgAIS5gg.png
785,http://pbs.twimg.com/media/EjBIcxdWsAApdRe.png
786,http://pbs.twimg.com/media/EjA6srAXcAEghYn.png
787,http://pbs.twimg.com/media/EjAs8-3XcAACBjl.png
788,http://pbs.twimg.com/media/EjAfNSYWoAA_crP.png
789,http://pbs.twimg.com/media/EjARdlCWoAA1me4.png
790,http://pbs.twimg.com/media/EjADt4YXkAEHDBq.png
791,http://pbs.twimg.com/media/Ei_1-KaWkAM_SJE.png
792,http://pbs.twimg.com/media/Ei_oODqWsAE45TV.png
793,http://pbs.twimg.com/media/Ei_aeU3X0AAwmG1.png
794,http://pbs.twimg.com/media/Ei_MukUWsAEJ4X4.png
795,http://pbs.twimg.com/media/Ei---xxWoAAOpCr.png
796,http://pbs.twimg.com/media/Ei-xPDiWoAAD4Bd.png
797,http://pbs.twimg.com/media/Ei-jfZNX0AIfZf8.png
798,http://pbs.twimg.com/media/Ei-VvoxXYAAqzGh.png
799,http://pbs.twimg.com/media/Ei-H_4kWkAAb4tR.png
800,http://pbs.twimg.com/media/Ei96QKiWAAIYzP5.png
801,http://pbs.twimg.com/media/Ei9sf0YWsAAw_jY.png
802,http://pbs.twimg.com/media/Ei9ev7UWkAAjdVx.png
803,http://pbs.twimg.com/media/Ei9Q_-iWAAE7w8S.png
804,http://pbs.twimg.com/media/Ei9DQMhXsAs5d9g.png
805,http://pbs.twimg.com/media/Ei81gY7WkAAf0W2.png
806,http://pbs.twimg.com/media/Ei8nwe3VgAAZ5Sa.png
807,http://pbs.twimg.com/media/Ei8aAQ3WkAE0MX8.png
808,http://pbs.twimg.com/media/Ei8MQU2XcAIsTy3.png
809,http://pbs.twimg.com/media/Ei7-gm8XgAEV6TO.png
810,http://pbs.twimg.com/media/Ei7ww7DWAAEbr27.png
811,http://pbs.twimg.com/media/Ei7jA5TXYAEEvM0.png
812,http://pbs.twimg.com/media/Ei7VROpXkAI0PA7.png
813,http://pbs.twimg.com/media/Ei7HhRhWoAAfQTv.png
814,http://pbs.twimg.com/media/Ei65xcGXcAAJpYS.png
815,http://pbs.twimg.com/media/Ei6sBfqXgAADuKv.png
816,http://pbs.twimg.com/media/Ei6eRp3XYAICI-Z.png
817,http://pbs.twimg.com/media/Ei6QhvRXkAA-Dl0.png
818,http://pbs.twimg.com/media/Ei6CwHfWsAEm_0P.png
819,http://pbs.twimg.com/media/Ei51APIX0AAMexr.png
820,http://pbs.twimg.com/media/Ei5nQfXXsAAVoSJ.png
821,http://pbs.twimg.com/media/Ei5ZguuWsAAHvu-.png
822,http://pbs.twimg.com/media/Ei5LxCWWoAUY9-0.png
823,http://pbs.twimg.com/media/Ei4-BTjWoAMcrsR.png
824,http://pbs.twimg.com/media/Ei4wM8aXYAAZfc0.png
825,http://pbs.twimg.com/media/Ei4idNjWAAAY_mo.png
826,http://pbs.twimg.com/media/Ei4UtbiWoAANU1O.png
827,http://pbs.twimg.com/media/Ei4G9viXkAAS9W0.png
828,http://pbs.twimg.com/media/Ei35N6ZX0AAs-zY.png
829,http://pbs.twimg.com/media/Ei3reOZXsAUQIIn.png
830,http://pbs.twimg.com/media/Ei3dukRXcAEu7ZT.png
831,http://pbs.twimg.com/media/Ei3P-0tXsAAzAiB.png
832,http://pbs.twimg.com/media/Ei3CPFnXYAIDGbt.png
833,http://pbs.twimg.com/media/Ei20fVHXgAAw_kC.png
834,http://pbs.twimg.com/media/Ei2mt1sXkAExlDo.png
835,http://pbs.twimg.com/media/Ei2Y-JoWsAAXfk0.png
836,http://pbs.twimg.com/media/Ei2LOddWAAE3Wo_.png
837,http://pbs.twimg.com/media/Ei19ettWsAEsGo9.png
838,http://pbs.twimg.com/media/Ei0wzNYXsAA1OoO.png
839,http://pbs.twimg.com/media/Ei0jDe5WAAAb3a8.png
840,http://pbs.twimg.com/media/Ei0VTqAUYAAyYCM.png
841,http://pbs.twimg.com/media/Ei0HjQqXcAAHZuv.png
842,http://pbs.twimg.com/media/Eiz5zMPX0AYd5MW.png
843,http://pbs.twimg.com/media/EizsDfnXYAADB-H.png
844,http://pbs.twimg.com/media/EizeTscXkAEZZLd.png
845,http://pbs.twimg.com/media/EizQj1lXYAAUieo.png
846,http://pbs.twimg.com/media/EizC0D5WoAM56Mh.png
847,http://pbs.twimg.com/media/Eiy1ERXXcAAgQS4.png
848,http://pbs.twimg.com/media/EiynUbDWAAIEdmB.png
849,http://pbs.twimg.com/media/EiyZknwXsAIEPLm.png
850,http://pbs.twimg.com/media/EiyLzq4WkAIL9Pg.png
851,http://pbs.twimg.com/media/Eix-D5pX0AAefxG.png
852,http://pbs.twimg.com/media/EixwUHsXsAAB4WQ.png
853,http://pbs.twimg.com/media/EixikLFWAAAflgL.png
854,http://pbs.twimg.com/media/EixU0K7WkAEgs_-.png
855,http://pbs.twimg.com/media/EixHEf2WsAA1qFO.png
856,http://pbs.twimg.com/media/Eiw5UtlXkAY41_N.png
857,http://pbs.twimg.com/media/Eiwrk9bXsAUbuAX.png
858,http://pbs.twimg.com/media/Eiwd1JYWsAAwZNu.png
859,http://pbs.twimg.com/media/EiwQFLbX0AArO1p.png
860,http://pbs.twimg.com/media/EiwCVb7X0AMVEDu.png
861,http://pbs.twimg.com/media/Eiv0livWsAAJwFL.png
862,http://pbs.twimg.com/media/Eivm1xfXsAAW6MY.png
863,http://pbs.twimg.com/media/EivZF9gWkAEzVW8.png
864,http://pbs.twimg.com/media/EivLWFgX0AEMAiK.png
865,http://pbs.twimg.com/media/Eiu9l_yWoAIcZCs.png
866,http://pbs.twimg.com/media/Eiuv2FXWAAEKdur.png
867,http://pbs.twimg.com/media/EiuiF4CXcAItsLI.png
868,http://pbs.twimg.com/media/EiuUWBgXkAgAhF9.png
869,http://pbs.twimg.com/media/EiuGmNPXYAAP0jO.png
870,http://pbs.twimg.com/media/Eit42Z0XgAgJAoV.png
871,http://pbs.twimg.com/media/EitrGrpWkAIFdH4.png
872,http://pbs.twimg.com/media/EitdWyvWsAAiA3k.png
873,http://pbs.twimg.com/media/EitPm4_XkAkgZ66.png
874,http://pbs.twimg.com/media/EitB24fWoAASQv4.png
875,http://pbs.twimg.com/media/Eis0HB9WAAgaEVQ.png
876,http://pbs.twimg.com/media/EismXL-WsAAGAtr.png
877,http://pbs.twimg.com/media/EisYnXmWsAA7uas.png
878,http://pbs.twimg.com/media/EisK3eZXgAIrWfl.png
879,http://pbs.twimg.com/media/Eir9Ho-XcAQEeW5.png
880,http://pbs.twimg.com/media/EirvXzJXcAATQKF.png
881,http://pbs.twimg.com/media/EirhoCgXkA8Ysyn.png
882,http://pbs.twimg.com/media/EirT4RRWAAETc6q.png
883,http://pbs.twimg.com/media/EirGIb9X0AA_iWs.png
884,http://pbs.twimg.com/media/Eiq4Yv3WAAciIyZ.png
885,http://pbs.twimg.com/media/EiqqpBAWkAAPqUP.png
886,http://pbs.twimg.com/media/Eiqc5K7XgAYJihl.png
887,http://pbs.twimg.com/media/EiqPJXzWsAMEF4R.png
888,http://pbs.twimg.com/media/EiqBZmoXkAAJIHk.png
889,http://pbs.twimg.com/media/Eipzpw4XYAE5KQs.png
890,http://pbs.twimg.com/media/Eipl6CNX0AIZ7EZ.png
891,http://pbs.twimg.com/media/EipYKJYXkAEXCWH.png
892,http://pbs.twimg.com/media/EipKaefWkAAJ8En.png
893,http://pbs.twimg.com/media/Eio8qo6XsAARKpV.png
894,http://pbs.twimg.com/media/Eiou5caXcAE8YaJ.png
895,http://pbs.twimg.com/media/EiohJo_XgAMD1Yr.png
896,http://pbs.twimg.com/media/EioTZ3RXgAAt1fT.png
897,http://pbs.twimg.com/media/EioFp7QXYAIo5BY.png
898,http://pbs.twimg.com/media/Ein36GDWsAInv9b.png
899,http://pbs.twimg.com/media/EinqKPAWkAEKPhv.png
900,http://pbs.twimg.com/media/EincactWsAEQ0Q6.png
901,http://pbs.twimg.com/media/EinOqsiXgAAg46r.png
902,http://pbs.twimg.com/media/EinA60uXsAEmjDt.png
903,http://pbs.twimg.com/media/EimzKs0XsAEkiKk.png
904,http://pbs.twimg.com/media/Eimla4pX0AIT4Vs.png
905,http://pbs.twimg.com/media/EimXqwcXcAE9N2S.png
906,http://pbs.twimg.com/media/EimJ6ddWsAEfm4x.png
907,http://pbs.twimg.com/media/Eil8KrpXgAAiP27.png
908,http://pbs.twimg.com/media/Eilua1zWAAACLpr.png
909,http://pbs.twimg.com/media/EilgrI-XcAAFK_i.png
910,http://pbs.twimg.com/media/EilS7Z_XsAEtRsy.png
911,http://pbs.twimg.com/media/EilFLn8XkAAMybs.png
912,http://pbs.twimg.com/media/Eik3b6CXcAAlvDk.png
913,http://pbs.twimg.com/media/Eikpr_zWsAADXih.png
914,http://pbs.twimg.com/media/Eikb8S8WoAAtbve.png
915,http://pbs.twimg.com/media/EikOMcoX0AEeiHM.png
916,http://pbs.twimg.com/media/EikAcsgXgAc2Fyj.png
917,http://pbs.twimg.com/media/Eijys09X0AASsG_.png
918,http://pbs.twimg.com/media/Eijk9BAXsAEifPV.png
919,http://pbs.twimg.com/media/EijXNGTX0AIIXPN.png
920,http://pbs.twimg.com/media/EijJdLTXYAAGxKM.png
921,http://pbs.twimg.com/media/Eii7tDuUYAAjPlg.png
922,http://pbs.twimg.com/media/Eiit894XsAE6z0L.png
923,http://pbs.twimg.com/media/EiigM5sXkAQksTh.png
924,http://pbs.twimg.com/media/EiiSc8IXsAQTqhT.png
925,http://pbs.twimg.com/media/EiiEtBvWAAAd5yj.png
926,http://pbs.twimg.com/media/Eih29IOWkAI8i_m.png
927,http://pbs.twimg.com/media/EihpNL_WAAEUTv7.png
928,http://pbs.twimg.com/media/EihbdbQWsAQSmhQ.png
929,http://pbs.twimg.com/media/EihNtj-XcAAQlz6.png
930,http://pbs.twimg.com/media/Eig_9u4WkAI756d.png
931,http://pbs.twimg.com/media/EigyN8hWAAAzZSW.png
932,http://pbs.twimg.com/media/EigkeJzXkAE7doj.png
933,http://pbs.twimg.com/media/EigWuVQWAAMkJN0.png
934,http://pbs.twimg.com/media/EigI-fNXkAE_KJG.png
935,http://pbs.twimg.com/media/Eif7OlCVgAA2Ze_.png
936,http://pbs.twimg.com/media/EifteR-X0AACdC7.png
937,http://pbs.twimg.com/media/EiffuMcXkAIftXo.png
938,http://pbs.twimg.com/media/EifR-MBWAAY8sh8.png
939,http://pbs.twimg.com/media/EifEOI9WoAIrZCY.png
940,http://pbs.twimg.com/media/Eie2eYPXsAQqto0.png
941,http://pbs.twimg.com/media/EieouPGWoAA_Ekq.png
942,http://pbs.twimg.com/media/Eiea-cNX0AI6RE5.png
943,http://pbs.twimg.com/media/EieNOqUXYAMU6os.png
944,http://pbs.twimg.com/media/Eid_e6TXYAUlMVe.png
945,http://pbs.twimg.com/media/EidxvDyWoAIiE7J.png
946,http://pbs.twimg.com/media/Eidj_RfWAAAYXqn.png
947,http://pbs.twimg.com/media/EidWPe9XsAA5mOz.png
948,http://pbs.twimg.com/media/EidIfp1XYAE2L7T.png
949,http://pbs.twimg.com/media/Eic6v8hWAAIkHDn.png
950,http://pbs.twimg.com/media/EictALrXcAAT4qt.png
951,http://pbs.twimg.com/media/EicfQPCXYAAHJlm.png
952,http://pbs.twimg.com/media/EicRgaIXYAALsYO.png
953,http://pbs.twimg.com/media/EicDwfiWkAAPjvS.png
954,http://pbs.twimg.com/media/Eib2AvUX0AU3MdH.png
955,http://pbs.twimg.com/media/EiboQ5nXkAQ3bAm.png
956,http://pbs.twimg.com/media/EibahFfWoAIHfup.png
957,http://pbs.twimg.com/media/EibMxRXWkAECTK-.png
958,http://pbs.twimg.com/media/Eia_BeYWkAAwDLW.png
959,http://pbs.twimg.com/media/EiaxRskXYAAf6ri.png
960,http://pbs.twimg.com/media/Eiajh0WWkAI2ti6.png
961,http://pbs.twimg.com/media/EiaVyEhWsAAaOOt.png
962,http://pbs.twimg.com/media/EiaICRbXgAATNK7.png
963,http://pbs.twimg.com/media/EiZ6SgmX0AEy2HK.png
964,http://pbs.twimg.com/media/EiZsiq1WsAcryFn.png
965,http://pbs.twimg.com/media/EiZey0BWAAABOpC.png
966,http://pbs.twimg.com/media/EiZRC-tWAAYA-D1.png
967,http://pbs.twimg.com/media/EiZDTRvXcAAtaKD.png
968,http://pbs.twimg.com/media/EiY1jmhWsAM1fYK.png
969,http://pbs.twimg.com/media/EiYnz0CXcAE-sJb.png
970,http://pbs.twimg.com/media/EiYaEDmXcAAd8zp.png
971,http://pbs.twimg.com/media/EiYMUQzWoAczdwR.png
972,http://pbs.twimg.com/media/EiX-kY_XcAEPbLl.png
973,http://pbs.twimg.com/media/EiXw0uAXkAAFkD8.png
974,http://pbs.twimg.com/media/EiXjFCDXkAIlK6q.png
975,http://pbs.twimg.com/media/EiXHlqRWoAAbb6i.png
976,http://pbs.twimg.com/media/EiW51zJXcAEGKME.png
977,http://pbs.twimg.com/media/EiWsGDVWoAANR2K.png
978,http://pbs.twimg.com/media/EiWeWb5XcAUCYcC.png
979,http://pbs.twimg.com/media/EiWQm1yWoAEiS0U.png
980,http://pbs.twimg.com/media/EiWC3OnWkAEeB9U.png
981,http://pbs.twimg.com/media/EiV1Hn4XkAAqKAm.png
982,http://pbs.twimg.com/media/EiVnX9IWkAAUcA2.png
983,http://pbs.twimg.com/media/EiVZoTOWoAIZzYB.png
984,http://pbs.twimg.com/media/EiVL4mxWsAE_y0R.png
985,http://pbs.twimg.com/media/EiU-I70XgAIY1sY.png
986,http://pbs.twimg.com/media/EiUwZLrWsAAcNa4.png
987,http://pbs.twimg.com/media/EiUipcmXcAYmTJw.png
988,http://pbs.twimg.com/media/EiUU5wFXkAIkxBG.png
989,http://pbs.twimg.com/media/EiUHKDLX0AQYINK.png
990,http://pbs.twimg.com/media/EiT5aceWkAcDSv5.png
991,http://pbs.twimg.com/media/EiTrq3PWoAEH49i.png
992,http://pbs.twimg.com/media/EiTd7NKXsAAvr0e.png
993,http://pbs.twimg.com/media/EiTQLffWsAAXWop.png
994,http://pbs.twimg.com/media/EiTCbzqX0AA0p3y.png
995,http://pbs.twimg.com/media/EiS0sEKWsAIlkaO.png
996,http://pbs.twimg.com/media/EiSm8VXXkAAVCiy.png
997,http://pbs.twimg.com/media/EiSZMtWWkAA0o3i.png
998,http://pbs.twimg.com/media/EiSLc_MX0AQm2cC.png
999,http://pbs.twimg.com/media/EiR9tReXsAAGvWc.png
1000,http://pbs.twimg.com/media/EiRv9l0WsAAMoDx.png
1001,http://pbs.twimg.com/media/EiRiN7GXYAEF6X4.png
1002,http://pbs.twimg.com/media/EiRUeVEXkAMW47c.png
1003,http://pbs.twimg.com/media/EiRGur-WoAAyvJB.png
1004,http://pbs.twimg.com/media/EiQ4_DeXYAYtie8.png
1005,http://pbs.twimg.com/media/EiQrPeUWsAE_PJR.png
1006,http://pbs.twimg.com/media/EiQdfysXcAECgYa.png
1007,http://pbs.twimg.com/media/EiQPwEpWkAEdIf7.png
1008,http://pbs.twimg.com/media/EiQCAY2XkAAUn-Z.png
1009,http://pbs.twimg.com/media/EiP0QvvXsAEsLne.png
1010,http://pbs.twimg.com/media/EiPmhGjXgAApon3.png
1011,http://pbs.twimg.com/media/EiPYxdwXkAEN2Ix.png
1012,http://pbs.twimg.com/media/EiPLB13XgAE0J6H.png
1013,http://pbs.twimg.com/media/EiO9SVBXcAQQ8X9.png
1014,http://pbs.twimg.com/media/EiOviybXsAE59At.png
1015,http://pbs.twimg.com/media/EiOhzT0XcA048t_.png
1016,http://pbs.twimg.com/media/EiOUDuvUcAAyWrw.png
1017,http://pbs.twimg.com/media/EiOGT6_XkAEmRkr.png
1018,http://pbs.twimg.com/media/EiN4kQyWkAAgEO3.png
1019,http://pbs.twimg.com/media/EiNq0iLXkAEtSTN.png
1020,http://pbs.twimg.com/media/EiNdE44XsAU_j7d.png
1021,http://pbs.twimg.com/media/EiNPVSwXkAAC4Ug.png
1022,http://pbs.twimg.com/media/EiNBlloXcAUFErZ.png
1023,http://pbs.twimg.com/media/EiMz193XcAED9cC.png
1024,http://pbs.twimg.com/media/EiMmGVjXkAYL-Vt.png
1025,http://pbs.twimg.com/media/EiMYWtIX0AMEi7I.png
1026,http://pbs.twimg.com/media/EiMKnKcWsAIbLq8.png
1027,http://pbs.twimg.com/media/EiL83kqXkAAuadz.png
1028,http://pbs.twimg.com/media/EiLvIC0XcAAx05V.png
1029,http://pbs.twimg.com/media/EiLhYcdWkAIVUD3.png
1030,http://pbs.twimg.com/media/EiLTo3fWkAEYtTk.png
1031,http://pbs.twimg.com/media/EiLF5NsWsAAGaOT.png
1032,http://pbs.twimg.com/media/EiK4JjxXsBEIDf1.png
1033,http://pbs.twimg.com/media/EiKcqH2XsAA9G3j.png
1034,http://pbs.twimg.com/media/EiKO6eQXkAEKPJi.png
1035,http://pbs.twimg.com/media/EiKBKzrWkAAFM6J.png
1036,http://pbs.twimg.com/media/EiJzbLpWoAMFJhs.png
1037,http://pbs.twimg.com/media/EiJlrijXcAAmwDf.png
1038,http://pbs.twimg.com/media/EiJX77AXYAE4NIw.png
1039,http://pbs.twimg.com/media/EiJKMMlWoAQAU4Q.png
1040,http://pbs.twimg.com/media/EiI8cc3WAAIwMuo.png
1041,http://pbs.twimg.com/media/EiIuszwWAAYHwEp.png
1042,http://pbs.twimg.com/media/EiIg9CmXgAA83p3.png
1043,http://pbs.twimg.com/media/EiITNS7XsAQ5c4W.png
1044,http://pbs.twimg.com/media/EiIFdmyXcAcqwIG.png
1045,http://pbs.twimg.com/media/EiH3t9qX0AA1Vxv.png
1046,http://pbs.twimg.com/media/EiHp-LCWoAk117I.png
1047,http://pbs.twimg.com/media/EiHcOfyXcAArPG_.png
1048,http://pbs.twimg.com/media/EiHOe21XkAEi5bJ.png
1049,http://pbs.twimg.com/media/EiHAvLFX0AAlx3T.png
1050,http://pbs.twimg.com/media/EiGy_hOX0AI4IRL.png
1051,http://pbs.twimg.com/media/EiGlP2cXgAEUKQJ.png
1052,http://pbs.twimg.com/media/EiGXgMdWoAADenU.png
1053,http://pbs.twimg.com/media/EiGJwhZWAAATSyF.png
1054,http://pbs.twimg.com/media/EiF8AyYXsAA01sA.png
1055,http://pbs.twimg.com/media/EiFuRDzXkAAH_vm.png
1056,http://pbs.twimg.com/media/EiFghWGWsAABKcO.png
1057,http://pbs.twimg.com/media/EiFSxoiXsAAPXyy.png
1058,http://pbs.twimg.com/media/EiFE-HPWAAY37L1.png
1059,http://pbs.twimg.com/media/EiE3OaWWoAAgCso.png
1060,http://pbs.twimg.com/media/EiEpeqdXcAADpDF.png
1061,http://pbs.twimg.com/media/EiEbuw4WsAElf8L.png
1062,http://pbs.twimg.com/media/EiEN_ErXkAAdFmJ.png
1063,http://pbs.twimg.com/media/EiEAPYHXkAY66S_.png
1064,http://pbs.twimg.com/media/EiDyfpzXkAAWlmL.png
1065,http://pbs.twimg.com/media/EiDkv4pXkAAsyUS.png
1066,http://pbs.twimg.com/media/EiDXAJ-XYAEBhSD.png
1067,http://pbs.twimg.com/media/EiDJQY0WoAApwY2.png
1068,http://pbs.twimg.com/media/EiC7gm3WsAM0tNl.png
1069,http://pbs.twimg.com/media/EiCtw0cXcAAE7KG.png
1070,http://pbs.twimg.com/media/EiCgBIvWsAMGd9B.png
1071,http://pbs.twimg.com/media/EiCSRW8XgAA1Yxm.png
1072,http://pbs.twimg.com/media/EiCEhm_WAAAW_je.png
1073,http://pbs.twimg.com/media/EiB2xzGWoAEBFsQ.png
1074,http://pbs.twimg.com/media/EiBpCCrX0AAjE_g.png
1075,http://pbs.twimg.com/media/EiBbSROXYAALoTv.png
1076,http://pbs.twimg.com/media/EiBNif0XkAAvjMO.png
1077,http://pbs.twimg.com/media/EiA_ywXWAAQzLPh.png
1078,http://pbs.twimg.com/media/EiAyC8UWAAA5pqM.png
1079,http://pbs.twimg.com/media/EiAkTN7WoAIcPNA.png
1080,http://pbs.twimg.com/media/EiAWjeJX0AAbSu3.png
1081,http://pbs.twimg.com/media/EiAIzw2WAAAd_O9.png
1082,http://pbs.twimg.com/media/Eh_7D-3WoAEXEnh.png
1083,http://pbs.twimg.com/media/Eh_tUP4XkAA-Fu3.png
1084,http://pbs.twimg.com/media/Eh_fkgIXcAIJS66.png
1085,http://pbs.twimg.com/media/Eh_R01jWoAAAvul.png
1086,http://pbs.twimg.com/media/Eh_EFFPXsAADj3z.png
1087,http://pbs.twimg.com/media/Eh-2VW0WkAMJQl1.png
1088,http://pbs.twimg.com/media/Eh-olmWWAAAlsth.png
1089,http://pbs.twimg.com/media/Eh-a14OXYAIFuK0.png
1090,http://pbs.twimg.com/media/Eh-NGFxX0AEmLWJ.png
1091,http://pbs.twimg.com/media/Eh9_WWCWkAAfy7C.png
1092,http://pbs.twimg.com/media/Eh9xmkjWoAAYnj_.png
1093,http://pbs.twimg.com/media/Eh9j24vWsAI8BJO.png
1094,http://pbs.twimg.com/media/Eh9WHN_WoAAKhU6.png
1095,http://pbs.twimg.com/media/Eh9IXhEXcAA9xrt.png
1096,http://pbs.twimg.com/media/Eh86nyjXcAAeqzZ.png
1097,http://pbs.twimg.com/media/Eh8s4DfXkAAm-U8.png
1098,http://pbs.twimg.com/media/Eh8fIXYX0AEjxFV.png
1099,http://pbs.twimg.com/media/Eh8RYrAXgAIsWO7.png
1100,http://pbs.twimg.com/media/Eh8Do8hWoAUNtOk.png
1101,http://pbs.twimg.com/media/Eh715PqVkAE7bm4.png
1102,http://pbs.twimg.com/media/Eh7oJcSWAAADPEx.png
1103,http://pbs.twimg.com/media/Eh7aZvPXgAEzF4P.png
1104,http://pbs.twimg.com/media/Eh7MqArXYAEV9O-.png
1105,http://pbs.twimg.com/media/Eh6-6KpWsAQ5A8W.png
1106,http://pbs.twimg.com/media/Eh6xKPoXkAAE5IX.png
1107,http://pbs.twimg.com/media/Eh6jagiXkAE1y9k.png
1108,http://pbs.twimg.com/media/Eh6Vq9XWsAEgR8m.png
1109,http://pbs.twimg.com/media/Eh6H7XUXkAAC9aW.png
1110,http://pbs.twimg.com/media/Eh56L45WAAMtJjd.png
1111,http://pbs.twimg.com/media/Eh5sb-yWAAY01hA.png
1112,http://pbs.twimg.com/media/Eh5ep2nWkAgCa99.png
1113,http://pbs.twimg.com/media/Eh5Q6FsWAAsdaQ8.png
1114,http://pbs.twimg.com/media/Eh41ai8WkAk2AdH.png
1115,http://pbs.twimg.com/media/Eh4nqyRWoAE1gpu.png
1116,http://pbs.twimg.com/media/Eh4Z7DrXcAEcwWu.png
1117,http://pbs.twimg.com/media/Eh4MLadWAAIa5X5.png
1118,http://pbs.twimg.com/media/Eh3wsMfXkAAdL-W.png
1119,http://pbs.twimg.com/media/Eh3i8h6WoAMJs4G.png
1120,http://pbs.twimg.com/media/Eh3VM47XcAM6ta3.png
1121,http://pbs.twimg.com/media/Eh3HdPMXcAA8otz.png
1122,http://pbs.twimg.com/media/Eh25to4WkAARhKc.png
1123,http://pbs.twimg.com/media/Eh2r98UXcAEZrel.png
1124,http://pbs.twimg.com/media/Eh2eOMbXgAAh-mF.png
1125,http://pbs.twimg.com/media/Eh2QegOWAAAts7-.png
1126,http://pbs.twimg.com/media/Eh2Cux2XkAE6JAY.png
1127,http://pbs.twimg.com/media/Eh12gASXYAABQeT.png
1128,http://pbs.twimg.com/media/Eh1owciXYAQlnbf.png
1129,http://pbs.twimg.com/media/Eh1bAtDWsAADvOZ.png
1130,http://pbs.twimg.com/media/Eh1ReTOWsAApK-C.png
1131,http://pbs.twimg.com/media/Eh1DupJXcAEUtds.png
1132,http://pbs.twimg.com/media/Eh019qRX0AYgyCk.png
1133,http://pbs.twimg.com/media/Eh0oOBPWAAYQmvM.png
1134,http://pbs.twimg.com/media/Eh0aeNdXkAMaL8N.png
1135,http://pbs.twimg.com/media/Eh0MuZ3WkAUIwpm.png
1136,http://pbs.twimg.com/media/Eh0MgfqXsAk_DkS.png
1137,http://pbs.twimg.com/media/Eh0KNB1WsAEChnf.png
1138,http://pbs.twimg.com/media/Eh0IH-iWoAgS2Ck.png
1139,http://pbs.twimg.com/media/Ehz6YUeWoAc3fz5.png
1140,http://pbs.twimg.com/media/EhzsovbXsAEGwv_.png
1141,http://pbs.twimg.com/media/Ehze5LYWkAA5kLq.png
1142,http://pbs.twimg.com/media/EhzRJiiWsAEuBFb.png
1143,http://pbs.twimg.com/media/EhzDZ6sWkAEkDtt.png
1144,http://pbs.twimg.com/media/Ehy1qM6XsAAeSe0.png
1145,http://pbs.twimg.com/media/Ehyn6tEX0AAptqA.png
1146,http://pbs.twimg.com/media/EhyaLLPXkAAWNa7.png
1147,http://pbs.twimg.com/media/EhyMblJWsAMZNJW.png
1148,http://pbs.twimg.com/media/Ehx-r_eWkAAg2Tw.png
1149,http://pbs.twimg.com/media/Ehxw8afXcAAq1Zj.png
1150,http://pbs.twimg.com/media/EhxjM3kWoAErgAz.png
1151,http://pbs.twimg.com/media/EhxVdP2XsAAZr1M.png
1152,http://pbs.twimg.com/media/EhxHtvOWAAE47xt.png
1153,http://pbs.twimg.com/media/Ehw5-O4WAAAAG3k.png
1154,http://pbs.twimg.com/media/Ehwq1w1WkAYkAa-.png
1155,http://pbs.twimg.com/media/EhwdGMHWsAMfx6C.png
1156,http://pbs.twimg.com/media/EhwPWj0XgAceVLP.png
1157,http://pbs.twimg.com/media/EhwBmq1WAAEI-mX.png
1158,http://pbs.twimg.com/media/Ehvz294XsAEjR8Q.png
1159,http://pbs.twimg.com/media/EhvmHTuWAAIw10R.png
1160,http://pbs.twimg.com/media/EhvYXmjXcAI-ODH.png
1161,http://pbs.twimg.com/media/EhvKn6zXkAIs9up.png
1162,http://pbs.twimg.com/media/Ehu84SYXcAIDyOE.png
1163,http://pbs.twimg.com/media/EhuvIx1XYAA5Xd7.png
1164,http://pbs.twimg.com/media/EhuhZOpWkAc4FDQ.png
1165,http://pbs.twimg.com/media/EhuTpqvWoAIRUBz.png
1166,http://pbs.twimg.com/media/EhuDt8rWsAArQN4.png
1167,http://pbs.twimg.com/media/Eht1-ThWAAEuJK7.png
1168,http://pbs.twimg.com/media/EhtoOuCX0AMJ-C3.png
1169,http://pbs.twimg.com/media/EhtafIfXkAMe-oS.png
1170,http://pbs.twimg.com/media/EhtMvlCWkAAq8WR.png
1171,http://pbs.twimg.com/media/Ehs_ABJXgAA_Aah.png
1172,http://pbs.twimg.com/media/EhsxQigWAAAuto0.png
1173,http://pbs.twimg.com/media/Ehsjg9FX0AIE-WH.png
1174,http://pbs.twimg.com/media/EhsVxZ-XkAA78g8.png
1175,http://pbs.twimg.com/media/EhsIB3WWoAAdUnh.png
1176,http://pbs.twimg.com/media/Ehr6SPrXsAE4K5_.png
1177,http://pbs.twimg.com/media/EhrsirqXkAILqWV.png
1178,http://pbs.twimg.com/media/EhrezHpXYAEPmEy.png
1179,http://pbs.twimg.com/media/EhrMhfVWAAEy5PR.png
1180,http://pbs.twimg.com/media/Ehq-nANXcAEK8CV.png
1181,http://pbs.twimg.com/media/Ehqw3kdWAAImGRr.png
1182,http://pbs.twimg.com/media/EhqjIFpXgAAgzxG.png
1183,http://pbs.twimg.com/media/EhqVYd0XkAAZjqh.png
1184,http://pbs.twimg.com/media/EhqHo4yWAAEs240.png
1185,http://pbs.twimg.com/media/Ehp55M1X0AA8unj.png
1186,http://pbs.twimg.com/media/EhpsJi0WsAIoNDn.png
1187,http://pbs.twimg.com/media/EhpeZ51WsAIlrUe.png
1188,http://pbs.twimg.com/media/EhpQqN1XsAAGGc3.png
1189,http://pbs.twimg.com/media/EhpC6iRWoAMo31R.png
1190,http://pbs.twimg.com/media/Eho6sG7XkAIFb3_.png
1191,http://pbs.twimg.com/media/EhotH7kWoAAPFDT.png
1192,http://pbs.twimg.com/media/EhonbL9WoAAPWf-.png
1193,http://pbs.twimg.com/media/EhoZrkBXkAIZ4OC.png
1194,http://pbs.twimg.com/media/EhoL73nWAAI4cRq.png
1195,http://pbs.twimg.com/media/Ehn-MJKWkAAK-1Z.png
1196,http://pbs.twimg.com/media/EhnwcX6WsAYVI5B.png
1197,http://pbs.twimg.com/media/EhnU9CCXcAE50MQ.png
1198,http://pbs.twimg.com/media/Ehm5dh2XYAA_RSs.png
1199,http://pbs.twimg.com/media/EhmrqpoXYAAb2XT.png
1200,http://pbs.twimg.com/media/Ehmd63OXcAQInmM.png
1201,http://pbs.twimg.com/media/EhmQLHsXYAEaDCW.png
1202,http://pbs.twimg.com/media/EhmCbZ3XsAgz5dG.png
1203,http://pbs.twimg.com/media/Ehl9C3NXgAE0jxl.png
1204,http://pbs.twimg.com/media/Ehl0rtoXgAAYqba.png
1205,http://pbs.twimg.com/media/EhlxX8AXYAE6b1t.png
1206,http://pbs.twimg.com/media/Ehlm78lWkAYcSny.png
1207,http://pbs.twimg.com/media/Ehlgb0zWsAEz5-y.png
1208,http://pbs.twimg.com/media/EhlZMRoXsAEQBKX.png
1209,http://pbs.twimg.com/media/EhlN5UtWkAIhhGI.png
1210,http://pbs.twimg.com/media/EhlLcciWsAEw2A4.png
1211,http://pbs.twimg.com/media/Ehk9sqVXcAARJeq.png
1212,http://pbs.twimg.com/media/Ehk1ukpXsAAqxnO.png
1213,http://pbs.twimg.com/media/Ehkv9BoUwAAU0Vz.png
1214,http://pbs.twimg.com/media/EhkpRrWWkAAElFi.png
1215,http://pbs.twimg.com/media/EhkjGIiWoAALW8g.png
1216,http://pbs.twimg.com/media/EhkiNHrX0AEbv4g.png
1217,http://pbs.twimg.com/media/EhkUdWcWoAUuh8X.png
1218,http://pbs.twimg.com/media/EhkMwicWAAAPHM7.png
1219,http://pbs.twimg.com/media/EhkGtq0XYAAZAnk.png
1220,http://pbs.twimg.com/media/EhkATl5WsAAARDo.png
1221,http://pbs.twimg.com/media/Ehj492IXsAEuYWA.png
1222,http://pbs.twimg.com/media/EhjxIh7X0AAPdNL.png
1223,http://pbs.twimg.com/media/EhjrOGuXgAA8OgX.png
1224,http://pbs.twimg.com/media/EhjjTjLWkAUoCBs.png
1225,http://pbs.twimg.com/media/EhjdeWyWsAA0ii6.png
1226,http://pbs.twimg.com/media/EhjTcePWsAUkIn3.png
1227,http://pbs.twimg.com/media/EhjPuisWsAAPphP.png
1228,http://pbs.twimg.com/media/EhjB-ytXYAAh4XN.png
1229,http://pbs.twimg.com/media/Ehi0PGjXYAEhTqN.png
1230,http://pbs.twimg.com/media/EhimfcwX0AEsCh5.png
1231,http://pbs.twimg.com/media/EhiYvs2X0AAoT29.png
1232,http://pbs.twimg.com/media/EhiK_-yWoAASnTB.png
1233,http://pbs.twimg.com/media/Ehh9QTiWAAATFyK.png
1234,http://pbs.twimg.com/media/EhhvglzWoAEp46c.png
1235,http://pbs.twimg.com/media/Ehhhw3_WAAAh3CF.png
1236,http://pbs.twimg.com/media/EhhUBDKWsAI_Wil.png
1237,http://pbs.twimg.com/media/EhhKzSUX0AkAjGc.png
1238,http://pbs.twimg.com/media/EhhGRV7WAAAKZf-.png
1239,http://pbs.twimg.com/media/EhhBke1WAAAkwqf.png
1240,http://pbs.twimg.com/media/EhhBke1WAAAkwqf.png
1241,http://pbs.twimg.com/media/EhgzdMwWsAE71Bc.png
1242,http://pbs.twimg.com/media/EhgnyHGXkAEO0gG.png
1243,http://pbs.twimg.com/media/EhgW2HyXYAE-5sj.png
1244,http://pbs.twimg.com/media/EhgETsVXkAAtwFu.png
1245,http://pbs.twimg.com/media/EhfsSkoXkAAv8fs.png
1246,http://pbs.twimg.com/media/EhffsCnXcAITuZo.png
1247,http://pbs.twimg.com/media/EhfZgQvXkAMLe0q.png
1248,http://pbs.twimg.com/media/EhfDEkhXkAIKVqc.png
1249,http://pbs.twimg.com/media/Ehe2twFWAAYrycG.png
1250,http://pbs.twimg.com/media/Ehenik6WkAANvz9.png
1251,http://pbs.twimg.com/media/EheZv1kXkAIVZBF.png
1252,http://pbs.twimg.com/media/EheJ2p5XYAApJlk.png
1253,http://pbs.twimg.com/media/EhcBNggXcAAlo7p.png
1254,http://pbs.twimg.com/media/Ehbp3lgXcAAJR4x.png
1255,http://pbs.twimg.com/media/EhbeMTkXgAMmvXj.png
1256,http://pbs.twimg.com/media/EhbNQX2X0AY866D.png
1257,http://pbs.twimg.com/media/Eha6t40XcAAu5w4.png
1258,http://pbs.twimg.com/media/EhaifSXXgAcw24s.png
1259,http://pbs.twimg.com/media/EhaWGLCXcAMY-dU.png
1260,http://pbs.twimg.com/media/EhaP6vIWkAMwWkT.png
1261,http://pbs.twimg.com/media/EhZ5feeWsAEOCFf.png
1262,http://pbs.twimg.com/media/EhZtIKKXkAMsjTL.png
1263,http://pbs.twimg.com/media/EhZd4JmWoAAcZDT.png
1264,http://pbs.twimg.com/media/EhZQI8yWsAEMbSd.png
1265,http://pbs.twimg.com/media/EhZAQ-yWoAAn0Bd.png
1266,http://pbs.twimg.com/media/EhW3npdX0AUmEPD.png
1267,http://pbs.twimg.com/media/EhWgRs0WkAUwXdG.png
1268,http://pbs.twimg.com/media/EhWUmlMWsAAHIHD.png
1269,http://pbs.twimg.com/media/EhWDqqkXgAA9bF9.png
1270,http://pbs.twimg.com/media/EhVxIKQX0AErNvS.png
1271,http://pbs.twimg.com/media/EhVY44JXYAEe9Hp.png
1272,http://pbs.twimg.com/media/EhHa2kwXgAERN6i.png
1273,http://pbs.twimg.com/media/EhHDgg_XcAAu3Bv.png
1274,http://pbs.twimg.com/media/EhG31eKWkAEFvI_.png
1275,http://pbs.twimg.com/media/EhGm5UvXcAAubSR.png
1276,http://pbs.twimg.com/media/EhGbOrQXYAYyU4l.png
1277,http://pbs.twimg.com/media/EhF8G0pWsAsTnIm.png
1278,http://pbs.twimg.com/media/EhFvvMQWAAExaHl.png
1279,http://pbs.twimg.com/media/EhFpjejXYAEuLTx.png
1280,http://pbs.twimg.com/media/EhFS8ylWoAEctUq.png
1281,http://pbs.twimg.com/media/EhFGxS2XYAIZNYu.png
1282,http://pbs.twimg.com/media/EhE3cEXX0AEk9_x.png
1283,http://pbs.twimg.com/media/EhDE_TMWkAIndL1.png
1284,http://pbs.twimg.com/media/EhDEe0mWkAEc7xr.png
1285,http://pbs.twimg.com/media/EhDAYZFWAAYDYUF.png
1286,http://pbs.twimg.com/media/EhBKw-aXkAMiBHZ.png
1287,http://pbs.twimg.com/media/EhAyqbyWoAAG0gp.png
1288,http://pbs.twimg.com/media/EhAmJkCXgAEIXRA.png
1289,http://pbs.twimg.com/media/EhAf98VXcAEoBHo.png
1290,http://pbs.twimg.com/media/EhAJdxCXsAI-s21.png
1291,http://pbs.twimg.com/media/Eg_9LWEXkAkFNj-.png
1292,http://pbs.twimg.com/media/Eg7pJwpX0AIEgNm.png
1293,http://pbs.twimg.com/media/Eg7cjmFXYAAESor.png
1294,http://pbs.twimg.com/media/Eg7WYGsWoAA-XWB.png
1295,http://pbs.twimg.com/media/Eg6_xC3XkAM_Bnr.png
1296,http://pbs.twimg.com/media/Eg6zlcjXgAA31Q3.png
1297,http://pbs.twimg.com/media/Eg6kcL4XsAAEnlk.png
1298,http://pbs.twimg.com/media/Eg3bEBzXcAEuACP.png
1299,http://pbs.twimg.com/media/Eg3KICBXYAYZtOD.png
1300,http://pbs.twimg.com/media/Eg23lenXYAEK3tk.png
1301,http://pbs.twimg.com/media/Eg2pZnpXsAIgD92.png
1302,http://pbs.twimg.com/media/Eg2fe1XXYAgMixT.png
1303,http://pbs.twimg.com/media/Eg2MyW7XkAEHXNC.png
1304,http://pbs.twimg.com/media/Eg2EpZxXYAA7cJM.png
1305,http://pbs.twimg.com/media/Eg12PYgXcAMqObb.png
1306,http://pbs.twimg.com/media/Eg1p_sGXsAASSku.png
1307,http://pbs.twimg.com/media/Eg1a0WiX0AIBoVV.png
1308,http://pbs.twimg.com/media/Eg1NACaWoAADtvD.png
1309,http://pbs.twimg.com/media/EgyAiSmXsAIzasD.png
1310,http://pbs.twimg.com/media/Egxt_0wX0AISPEa.png
1311,http://pbs.twimg.com/media/EgxV4bIXgAE10BO.png
1312,http://pbs.twimg.com/media/EgxJYPaXsA4W0JG.png
1313,http://pbs.twimg.com/media/EgxDMv-XYAAN0x7.png
1314,http://pbs.twimg.com/media/EgwyEtsWkAAz3oX.png
1315,http://pbs.twimg.com/media/EgwgaJZWoAAPOEr.png
1316,http://pbs.twimg.com/media/EgwRGHOWkAg31CG.png
1317,http://pbs.twimg.com/media/EgwDh4XWsAA1YFH.png
1318,http://pbs.twimg.com/media/Egvzi2lWoAEe2sA.png
1319,http://pbs.twimg.com/media/EgskaC8XgAAEMkV.png
1320,http://pbs.twimg.com/media/EgsMM2BWsAEDmu3.png
1321,http://pbs.twimg.com/media/Egr_yUFXkAEiNty.png
1322,http://pbs.twimg.com/media/Egr5m8CXgAE5t8z.png
1323,http://pbs.twimg.com/media/EgrjCHMXsAAnTQm.png
1324,http://pbs.twimg.com/media/EgiROhgXgAE7OsY.png
1325,http://pbs.twimg.com/media/Egh5ATvXYAcY2os.png
1326,http://pbs.twimg.com/media/Eghsm0kUMAEqh5s.png
1327,http://pbs.twimg.com/media/Eghn_x1VkAILkZs.png
1328,http://pbs.twimg.com/media/Egd2yj8X0AEmJfT.png
1329,http://pbs.twimg.com/media/EgdrHfxWkAYU6Nm.png
1330,http://pbs.twimg.com/media/EgdaLXnX0AU5HKT.png
1331,http://pbs.twimg.com/media/EgdHo53WoAAH__q.png
1332,http://pbs.twimg.com/media/EgcvZ5CXcAEobtd.png
1333,http://pbs.twimg.com/media/EgcsUMBXsAExql3.png
1334,http://pbs.twimg.com/media/Egcc1m_WAAEFDXr.png
1335,http://pbs.twimg.com/media/EgcGVFkXgAAjNgz.png
1336,http://pbs.twimg.com/media/Egb8IySXYAAWl9f.png
1337,http://pbs.twimg.com/media/EgYhhp8XsAIwsp8.png
1338,http://pbs.twimg.com/media/EgYQlrfXgAEin-p.png
1339,http://pbs.twimg.com/media/EgX-DEsUcAc0PSO.png
1340,http://pbs.twimg.com/media/EgXl3yhWkAIjbMP.png
1341,http://pbs.twimg.com/media/EgXTP7xWoAEEKY5.png
1342,http://pbs.twimg.com/media/EgW8l0pWsAIGyvc.png
1343,http://pbs.twimg.com/media/EgWwdeIWAAcelfz.png
1344,http://pbs.twimg.com/media/EgWhNBDXYA0GolR.png
1345,http://pbs.twimg.com/media/EgWTdzBWoAE06iy.png
1346,http://pbs.twimg.com/media/EgWDmO-XYCgCtEN.png
1347,http://pbs.twimg.com/media/EgTjm5yWAAUnQxC.png
1348,http://pbs.twimg.com/media/EgTX_WfXoAM5g1f.png
1349,http://pbs.twimg.com/media/EgTG_2sWkAEf942.png
1350,http://pbs.twimg.com/media/EgS0dgVXgAI60rY.png
1351,http://pbs.twimg.com/media/EgSccMyXYAA3Pgu.png
1352,http://pbs.twimg.com/media/EgSP4vRXkAkIfrm.png
1353,http://pbs.twimg.com/media/EgSJqMXWkAwlAup.png
1354,http://pbs.twimg.com/media/EgRzF8ZXgAEmkb7.png
1355,http://pbs.twimg.com/media/EgRm3lVWsAAUToB.png
1356,http://pbs.twimg.com/media/EgRJ_IYXsAE0ctZ.png
1357,http://pbs.twimg.com/media/EgOxXrUWsAA1b2_.png
1358,http://pbs.twimg.com/media/EgOaBMOXYAQWMyY.png
1359,http://pbs.twimg.com/media/EgOOWA7XsAAGcn8.png
1360,http://pbs.twimg.com/media/EgN9aH9WsAIlNFK.png
1361,http://pbs.twimg.com/media/EgNGQHBWoAASpOq.png
1362,http://pbs.twimg.com/media/EgNAESqWsAAH0h9.png
1363,http://pbs.twimg.com/media/EgMdRuRWAAIc8fS.png
1364,http://pbs.twimg.com/media/EgMOJ_JX0AEw7nL.png
1365,http://pbs.twimg.com/media/EgMAQKuXgAEAk5U.png
1366,http://pbs.twimg.com/media/EgLwatcXkAgiaPo.png
1367,http://pbs.twimg.com/media/EgJnxwqWoAIrBh3.png
1368,http://pbs.twimg.com/media/EgIz0ihXgAkkTfO.png
1369,http://pbs.twimg.com/media/EgIhR95XoAIz0IB.png
1370,http://pbs.twimg.com/media/EgIJBb6XYAIuYS9.png
1371,http://pbs.twimg.com/media/EgH8qLFXoAExN02.png
1372,http://pbs.twimg.com/media/EgH2euRXgAE03zv.png
1373,http://pbs.twimg.com/media/EgHgAHgXsAgbZfR.png
1374,http://pbs.twimg.com/media/EgDqOtTXYAAI0O8.png
1375,http://pbs.twimg.com/media/EgDXsJPXkAQ3H9A.png
1376,http://pbs.twimg.com/media/EgC_eYMXgAAz44G.png
1377,http://pbs.twimg.com/media/EgCzEZHXsAA2QBT.png
1378,http://pbs.twimg.com/media/EgCs494WkAAYjBw.png
1379,http://pbs.twimg.com/media/Ef917-OX0AA00F6.png
1380,http://pbs.twimg.com/media/Ef9pewlXgAEInOz.png
1381,http://pbs.twimg.com/media/Ef9jTSVXoAYrNbi.png
1382,http://pbs.twimg.com/media/Ef9OZlzXsAALH5j.png
1383,http://pbs.twimg.com/media/Ef9Ag6nXgAwNzBq.png
1384,http://pbs.twimg.com/media/Ef8xLiAWoAEMaE-.png
1385,http://pbs.twimg.com/media/Ef8olkiXoAIzCMp.png
1386,http://pbs.twimg.com/media/Ef5EgxZWoAgKWNz.png
1387,http://pbs.twimg.com/media/Ef4sXxrWAAIllMR.png
1388,http://pbs.twimg.com/media/Ef4glBNXsAEZegH.png
1389,http://pbs.twimg.com/media/Ef4ZtR2X0AEthCU.png
1390,http://pbs.twimg.com/media/Ef4DMPfWoAEXyHD.png
1391,http://pbs.twimg.com/media/Ef3267dWAAApJzj.png
1392,http://pbs.twimg.com/media/Ef1BaokWkAA-41T.png
1393,http://pbs.twimg.com/media/Ef0qEXRWAAIZBm_.png
1394,http://pbs.twimg.com/media/Ef0eZWwWsAc1flH.png
1395,http://pbs.twimg.com/media/EfzQHmjWsAIR7d-.png
1396,http://pbs.twimg.com/media/Efy5oO4XgAMBKDa.png
1397,http://pbs.twimg.com/media/EfytVQVX0AExOFj.png
1398,http://pbs.twimg.com/media/EfyeHmGXkAEHAey.png
1399,http://pbs.twimg.com/media/EfyWhwWXYAEEY7L.png
1400,http://pbs.twimg.com/media/Efv304sXsAIaN45.png
1401,http://pbs.twimg.com/media/EfvgezrXgAEBY4b.png
1402,http://pbs.twimg.com/media/EfvUzsIWkAQ9xwe.png
1403,http://pbs.twimg.com/media/EfvD3usXYAUM6BH.png
1404,http://pbs.twimg.com/media/EfuxVOSWAAIpbW2.png
1405,http://pbs.twimg.com/media/EfuZGXRWAAgjIZZ.png
1406,http://pbs.twimg.com/media/EfuMtkFXkAAjUFq.png
1407,http://pbs.twimg.com/media/EfuGhwGXsAEQ83f.png
1408,http://pbs.twimg.com/media/EftybM7XsAAsr_K.png
1409,http://pbs.twimg.com/media/EftjvVzXYAQEC9T.png
1410,http://pbs.twimg.com/media/EftXoDbWkAAxRq4.png
1411,http://pbs.twimg.com/media/EfquPU0WoAEonXL.png
1412,http://pbs.twimg.com/media/EfqLN8ZXgAEX-PX.png
1413,http://pbs.twimg.com/media/Efp6R6iX0AADarT.png
1414,http://pbs.twimg.com/media/EfpnvaXWAAINuuI.png
1415,http://pbs.twimg.com/media/EfpPmMpWoAIHBDn.png
1416,http://pbs.twimg.com/media/EfpDHxVXoAALU6P.png
1417,http://pbs.twimg.com/media/Efo88G7X0AI3Cw4.png
1418,http://pbs.twimg.com/media/Eff4CRgXYAAIDoZ.png
1419,http://pbs.twimg.com/media/EffnGTbXgAIEeud.png
1420,http://pbs.twimg.com/media/EffUj_ZXsAUfu9r.png
1421,http://pbs.twimg.com/media/Efe8agQWsAAgXlF.png
1422,http://pbs.twimg.com/media/Efev8RoXgAAw6SU.png
1423,http://pbs.twimg.com/media/EfepwrHXkAY1AzE.png
1424,http://pbs.twimg.com/media/EfeTGaUWkAEY09E.png
1425,http://pbs.twimg.com/media/EfeG-ATX0AAc0sf.png
1426,http://pbs.twimg.com/media/Efd3o8WXoAAKUia.png
1427,http://pbs.twimg.com/media/EfdqCR3XkAAj9kz.png
1428,http://pbs.twimg.com/media/EfdaG1lX0AUe9mk.png
1429,http://pbs.twimg.com/media/EfZJuK0XgAUqbhB.png
1430,http://pbs.twimg.com/media/EfY9YPCXYAICUGy.png
1431,http://pbs.twimg.com/media/EfWH4B4XYAASYVD.png
1432,http://pbs.twimg.com/media/EfVwiCrUYAE6L3e.png
1433,http://pbs.twimg.com/media/EfVk229UcAE3IZK.png
1434,http://pbs.twimg.com/media/EfVah_SWsAAEbch.png
1435,http://pbs.twimg.com/media/EfVBYSMXsAMNrss.png
1436,http://pbs.twimg.com/media/EfU6et5XsAUE7C1.png
1437,http://pbs.twimg.com/media/EfUcwudWAAE4o8I.png
1438,http://pbs.twimg.com/media/EfUWlGjWAAIZJ7X.png
1439,http://pbs.twimg.com/media/EfUAHl-XoAA0wGZ.png
1440,http://pbs.twimg.com/media/EfTzyb4XoAQ6nwu.png
1441,http://pbs.twimg.com/media/EfP3ykzXkAo8ahZ.png
1442,http://pbs.twimg.com/media/EfPfl-HXsAACmwf.png
1443,http://pbs.twimg.com/media/EfPM_egXgAAfchX.png
1444,http://pbs.twimg.com/media/EfO58WAXgAEVStw.png
1445,http://pbs.twimg.com/media/EfOqMr_XsAIUop6.png
1446,http://pbs.twimg.com/media/EfObCihWsAAtRVM.png
1447,http://pbs.twimg.com/media/EfONOLwX0AIduzS.png
1448,http://pbs.twimg.com/media/EfN9VsrXkAIYDen.png
1449,http://pbs.twimg.com/media/EfL0sqVXYAEJDQ2.png
1450,http://pbs.twimg.com/media/EfLdWZ-WkAc6SEM.png
1451,http://pbs.twimg.com/media/EfLRrXgWoAAD8l9.png
1452,http://pbs.twimg.com/media/EfLAvU3WoAIgfYY.png
1453,http://pbs.twimg.com/media/EfKuM4wXkAARAu5.png
1454,http://pbs.twimg.com/media/EfKWEu6XsAEazCU.png
1455,http://pbs.twimg.com/media/EfKJlMXWAAUGLUA.png
1456,http://pbs.twimg.com/media/EfKE-UvXYAAOwM1.png
1457,http://pbs.twimg.com/media/EfJs9wwXkAY0p3M.png
1458,http://pbs.twimg.com/media/EfJgnW4X0AAVJ0Q.png
1459,http://pbs.twimg.com/media/EfJRd3RUMA0s6J4.png
1460,http://pbs.twimg.com/media/EfJHdWKWAAEtv1e.png
1461,http://pbs.twimg.com/media/EfGrGv7XYAAqfAA.png
1462,http://pbs.twimg.com/media/EfGTwnTX0AEUROP.png
1463,http://pbs.twimg.com/media/EfGIFu_XYAENgUb.png
1464,http://pbs.twimg.com/media/EfF_NJIXgAEY3t_.png
1465,http://pbs.twimg.com/media/EfFkqovXkAYbQ2z.png
1466,http://pbs.twimg.com/media/EfFMcehXYAAAWxx.png
1467,http://pbs.twimg.com/media/EfE__VaWkAI_oAP.png
1468,http://pbs.twimg.com/media/EfE5z1OWsAcXQl1.png
1469,http://pbs.twimg.com/media/EfEXRR8WkAAHhr9.png
1470,http://pbs.twimg.com/media/EfDqKPqXkAAgbZu.png
1471,http://pbs.twimg.com/media/EfBhhBPXsAAbe6r.png
1472,http://pbs.twimg.com/media/EfA-f7TXgAElWic.png
1473,http://pbs.twimg.com/media/EfAtjx9WAAIwUGZ.png
1474,http://pbs.twimg.com/media/EfAbBemWsAIYJpH.png
1475,http://pbs.twimg.com/media/EfACxFmXsAIFcH8.png
1476,http://pbs.twimg.com/media/Ee_2ZjGX0AA5P3y.png
1477,http://pbs.twimg.com/media/Ee_wOQZXkAYtxCr.png
1478,http://pbs.twimg.com/media/Ee_ZkLbWoAAcR6X.png
1479,http://pbs.twimg.com/media/Ee_NbtfXoAApHjf.png
1480,http://pbs.twimg.com/media/Ee--GAvWsAE_V-O.png
1481,http://pbs.twimg.com/media/Ee-wXJtXgAE9TST.png
1482,http://pbs.twimg.com/media/Ee-gkVTXsAAFdxf.png
1483,http://pbs.twimg.com/media/Ee8X7P3XgAAYSsz.png
1484,http://pbs.twimg.com/media/Ee8AlRGXoAIM7Wh.png
1485,http://pbs.twimg.com/media/Ee706MoWkAAS8yb.png
1486,http://pbs.twimg.com/media/Ee7j-C1WoAYe0My.png
1487,http://pbs.twimg.com/media/Ee7RbwsWsAEl9H0.png
1488,http://pbs.twimg.com/media/Ee65LmRWkAAKX4S.png
1489,http://pbs.twimg.com/media/Ee6szxSWoAknwRq.png
1490,http://pbs.twimg.com/media/Ee6moX0XgAIOPUm.png
1491,http://pbs.twimg.com/media/Ee6cLU1WoAYZYrX.png
1492,http://pbs.twimg.com/media/Ee6QB6qXoAAH4kN.png
1493,http://pbs.twimg.com/media/Ee6HIh8XYAULRYG.png
1494,http://pbs.twimg.com/media/Ee6D16mWsAI3tL8.png
1495,http://pbs.twimg.com/media/Ee50gqKXgAA-VfS.png
1496,http://pbs.twimg.com/media/Ee5m2vrWkAAlbDR.png
1497,http://pbs.twimg.com/media/Ee5W-vpXoAAIizK.png
1498,http://pbs.twimg.com/media/Ee3OVj1WoAAY_70.png
1499,http://pbs.twimg.com/media/Ee22_jzWsAU9qKX.png
1500,http://pbs.twimg.com/media/Ee2aYe8XYAAX1lI.png
1501,http://pbs.twimg.com/media/Ee2H2AmWoAAfoGq.png
1502,http://pbs.twimg.com/media/Ee1vo5aWAAIr6CT.png
1503,http://pbs.twimg.com/media/Ee1jOeGX0AI1vGQ.png
1504,http://pbs.twimg.com/media/Ee1f5jEXgAYHBB8.png
1505,http://pbs.twimg.com/media/Ee1dCzXWoAQcFTt.png
1506,http://pbs.twimg.com/media/Ee1R0JUWAAADrVy.png
1507,http://pbs.twimg.com/media/Ee1JwwHXsAAkPii.png
1508,http://pbs.twimg.com/media/Ee0dRgxXsAAjitZ.png
1509,http://pbs.twimg.com/media/Ee0NY_eXkAYOZW_.png
1510,http://pbs.twimg.com/media/Eexhuq2WoAI6sAf.png
1511,http://pbs.twimg.com/media/EexQyjmWoAYewkT.png
1512,http://pbs.twimg.com/media/EewmPZPWAAMGq-P.png
1513,http://pbs.twimg.com/media/EewZoX_X0AIrkNq.png
1514,http://pbs.twimg.com/media/EewTcxXXsAAkkRf.png
1515,http://pbs.twimg.com/media/Eev9BHPXkAgmxKz.png
1516,http://pbs.twimg.com/media/EevwqS5X0AATANq.png
1517,http://pbs.twimg.com/media/EevhmVFWkAQzJqu.png
1518,http://pbs.twimg.com/media/Eer0qYNXgAMz0YR.png
1519,http://pbs.twimg.com/media/EerJ3HtX0AEuLt3.png
1520,http://pbs.twimg.com/media/EeqzM3FXkAEzkNI.png
1521,http://pbs.twimg.com/media/EeqnEcJX0AAUkZk.png
1522,http://pbs.twimg.com/media/EeqX1eMWAAEP5Ob.png
1523,http://pbs.twimg.com/media/EemrElMXsAUBnAa.png
1524,http://pbs.twimg.com/media/EemGc_jXYAAaYfJ.png
1525,http://pbs.twimg.com/media/EemARQQWkAIkxh3.png
1526,http://pbs.twimg.com/media/Eelp3EVXgAIqjMs.png
1527,http://pbs.twimg.com/media/EeldeuVWsAAi68B.png
1528,http://pbs.twimg.com/media/EelOYlQWsAo3PZ8.png
1529,http://pbs.twimg.com/media/EelAdQHXoAIuGdx.png
1530,http://pbs.twimg.com/media/EekwnoEXsAANmnq.png
1531,http://pbs.twimg.com/media/Eein-o_UYAA8X2O.png
1532,http://pbs.twimg.com/media/EeiQoXsUcAA-N7B.png
1533,http://pbs.twimg.com/media/EeiE9Y3UwAEU682.png
1534,http://pbs.twimg.com/media/Eeh0Bh4WkAUKb_o.png
1535,http://pbs.twimg.com/media/EehJPbRXYAgK67G.png
1536,http://pbs.twimg.com/media/Eeg83G_WkAI1pM4.png
1537,http://pbs.twimg.com/media/Eeg2rphXkAAuAXw.png
1538,http://pbs.twimg.com/media/EegT5BTWoAIAIuX.png
1539,http://pbs.twimg.com/media/EegEjtjWoAUmu3f.png
1540,http://pbs.twimg.com/media/Eef21aKXoAABEw4.png
1541,http://pbs.twimg.com/media/EefnB_iWkAAn2rU.png
1542,http://pbs.twimg.com/media/EedeYvlXgAEtkBG.png
1543,http://pbs.twimg.com/media/EedHC0HX0AE9baU.png
1544,http://pbs.twimg.com/media/Eec7XvRXoAEFqEY.png
1545,http://pbs.twimg.com/media/Eecqbk1X0AAfF9Z.png
1546,http://pbs.twimg.com/media/Eeb_ommWAAQKAPj.png
1547,http://pbs.twimg.com/media/EebzRWjXsAMATk2.png
1548,http://pbs.twimg.com/media/EebtF-iWkAUiBiX.png
1549,http://pbs.twimg.com/media/EebWcuTXgAEWL3c.png
1550,http://pbs.twimg.com/media/EebKTXjWAAAgAYV.png
1551,http://pbs.twimg.com/media/Eea7EzQXoAAICz4.png
1552,http://pbs.twimg.com/media/EeatSVAXkAA7-A6.png
1553,http://pbs.twimg.com/media/EeadcSKXYAEU5F4.png
1554,http://pbs.twimg.com/media/EeYUzAcXgAAYSFK.png
1555,http://pbs.twimg.com/media/EeX9c6aWoAESsj2.png
1556,http://pbs.twimg.com/media/EeXxxxlWkAAzXMr.png
1557,http://pbs.twimg.com/media/EeXg1_7WoAI9Mft.png
1558,http://pbs.twimg.com/media/EeXOTcVXoAEM3ps.png
1559,http://pbs.twimg.com/media/EeW2FNtXkAE1wnp.png
1560,http://pbs.twimg.com/media/EeWprnzXoAQxGSB.png
1561,http://pbs.twimg.com/media/EeWjgKVXYAAu2XW.png
1562,http://pbs.twimg.com/media/EeWM5h5XgAEqQWU.png
1563,http://pbs.twimg.com/media/EeWAtlCXkAIL7Ah.png
1564,http://pbs.twimg.com/media/EeVxYbpXoAEijQV.png
1565,http://pbs.twimg.com/media/EeVjuJZXoAAlDOv.png
1566,http://pbs.twimg.com/media/EeVT2mXWsAElz8u.png
1567,http://pbs.twimg.com/media/EeTLNcLXoAEbXIE.png
1568,http://pbs.twimg.com/media/EeSz3FGX0AABUXc.png
1569,http://pbs.twimg.com/media/EeSoMKRWsAAvPqw.png
1570,http://pbs.twimg.com/media/EeSXQRSXgAIZiR5.png
1571,http://pbs.twimg.com/media/EeSEtjgXYAAgtO4.png
1572,http://pbs.twimg.com/media/EeRsiR5X0AE0S7y.png
1573,http://pbs.twimg.com/media/EeRgF2ZXoAECBwh.png
1574,http://pbs.twimg.com/media/EeRZ6QDXkAUOXou.png
1575,http://pbs.twimg.com/media/EeRDUANWoAA6cY6.png
1576,http://pbs.twimg.com/media/EeQ3H1CXgAAX49l.png
1577,http://pbs.twimg.com/media/EeQn-rYXoAEKDY2.png
1578,http://pbs.twimg.com/media/EeQaI3GWkAALs5v.png
1579,http://pbs.twimg.com/media/EeQKQjLWAAA4Rh6.png
1580,http://pbs.twimg.com/media/EeOBnr0WAAEFuxF.png
1581,http://pbs.twimg.com/media/EeNqRmyWkAUYztC.png
1582,http://pbs.twimg.com/media/EeNembYXYAEqNav.png
1583,http://pbs.twimg.com/media/EeNNqSQWoAEJeXw.png
1584,http://pbs.twimg.com/media/EeM7H8CXkAEdFeO.png
1585,http://pbs.twimg.com/media/EeMi9otWkAUHkRG.png
1586,http://pbs.twimg.com/media/EeMQUu4XkAIrJkv.png
1587,http://pbs.twimg.com/media/EeL53z3XgAIYhnH.png
1588,http://pbs.twimg.com/media/EeLtiK8XoAQUcqz.png
1589,http://pbs.twimg.com/media/EeLeToaWAAgVTQo.png
1590,http://pbs.twimg.com/media/EeLQdpPWAAAjlrR.png
1591,http://pbs.twimg.com/media/EeLArBYXgAAtfj6.png
1592,http://pbs.twimg.com/media/EeIEEoHXsAUiQJD.png
1593,http://pbs.twimg.com/media/EeHxiCHX0AoDC2e.png
1594,http://pbs.twimg.com/media/EeHZdYbX0AIi8pp.png
1595,http://pbs.twimg.com/media/EeHM6fVWAAART3i.png
1596,http://pbs.twimg.com/media/EeHGu7UXkAII4X9.png
1597,http://pbs.twimg.com/media/EeGwOyMXsAEUiOC.png
1598,http://pbs.twimg.com/media/EeGj8G0WoAEoDEk.png
1599,http://pbs.twimg.com/media/EeGUsSpXgAMN1rE.png
1600,http://pbs.twimg.com/media/EeGHD10XkAEzLSC.png
1601,http://pbs.twimg.com/media/EeF3FQfWkAEz5tU.png
1602,http://pbs.twimg.com/media/EeDxcP_XgAAnvgI.png
1603,http://pbs.twimg.com/media/EeDucDHWAAYpTZF.png
1604,http://pbs.twimg.com/media/EeDXF9fXsAM8e4r.png
1605,http://pbs.twimg.com/media/EeDLa8IWoAAYU5I.png
1606,http://pbs.twimg.com/media/EeC6e4NXsAELtLs.png
1607,http://pbs.twimg.com/media/EeCP1ZbXoAMpG6e.png
1608,http://pbs.twimg.com/media/EeCDUucXgAAqpXA.png
1609,http://pbs.twimg.com/media/EeB9JMxXYAAOQOO.png
1610,http://pbs.twimg.com/media/EeBmgRRXoAAf7yG.png
1611,http://pbs.twimg.com/media/EeBaWjjXgAUS29I.png
1612,http://pbs.twimg.com/media/EeBLFTTU0AQuPlE.png
1613,http://pbs.twimg.com/media/EeA9TBZWoAIKwnL.png
1614,http://pbs.twimg.com/media/EeAtfg9WsAAPcCb.png
1615,http://pbs.twimg.com/media/Ed-k2WtWkAAGE6h.png
1616,http://pbs.twimg.com/media/Ed-NgTnWAAAlY6z.png
1617,http://pbs.twimg.com/media/Ed-B1JbXgAAi7OO.png
1618,http://pbs.twimg.com/media/Ed9w5DoXoAomIZX.png
1619,http://pbs.twimg.com/media/Ed9eWm1XYAAovY7.png
1620,http://pbs.twimg.com/media/Ed9HwvzWsAAYoMA.png
1621,http://pbs.twimg.com/media/Ed85u9fWsAAjcF6.png
1622,http://pbs.twimg.com/media/Ed8zjV4XsAAf9Ar.png
1623,http://pbs.twimg.com/media/Ed8Qw5qWoAE3itF.png
1624,http://pbs.twimg.com/media/Ed8BfOCXoAAuRA8.png
1625,http://pbs.twimg.com/media/Ed7z6JoWsAEId8F.png
1626,http://pbs.twimg.com/media/Ed5bQkLWsAYJqtf.png
1627,http://pbs.twimg.com/media/Ed5D6XAXgAAUAlI.png
1628,http://pbs.twimg.com/media/Ed44PaqXoAEfZ5_.png
1629,http://pbs.twimg.com/media/Ed4nTo3XsAAZV3v.png
1630,http://pbs.twimg.com/media/Ed4Uw6tXYAAzHAC.png
1631,http://pbs.twimg.com/media/Ed4Nc-1XsAYo_6v.png
1632,http://pbs.twimg.com/media/Ed3wJMhXYAEX6DK.png
1633,http://pbs.twimg.com/media/Ed3p9n0XsAEciEo.png
1634,http://pbs.twimg.com/media/Ed3TTUjWsAIn32Y.png
1635,http://pbs.twimg.com/media/Ed3HLA2WAAA5Eko.png
1636,http://pbs.twimg.com/media/Ed2350xXsAEUuj0.png
1637,http://pbs.twimg.com/media/Ed2qJcxWsAEMT3e.png
1638,http://pbs.twimg.com/media/Ed2aT5CWoAAD6GG.png
1639,http://pbs.twimg.com/media/Ed0Rq7RWkAEQ6nY.png
1640,http://pbs.twimg.com/media/Edz6UvaWsAA5Vgf.png
1641,http://pbs.twimg.com/media/EdzupvxXkAAD0wm.png
1642,http://pbs.twimg.com/media/EdzdxzaWsAkwlA_.png
1643,http://pbs.twimg.com/media/EdzLLGKXgAA17v0.png
1644,http://pbs.twimg.com/media/Edyy6TRWkAEVpwy.png
1645,http://pbs.twimg.com/media/EdymjhJXYAcuFXf.png
1646,http://pbs.twimg.com/media/EdygX-4WoAEQtm1.png
1647,http://pbs.twimg.com/media/EdyJweEXoAEa3AL.png
1648,http://pbs.twimg.com/media/Edx9lWVXYAMZTpG.png
1649,http://pbs.twimg.com/media/EdvIFDbXkAAH3CD.png
1650,http://pbs.twimg.com/media/Eduwu-AXYAMBjPV.png
1651,http://pbs.twimg.com/media/EdulD6SX0AYLGKd.png
1652,http://pbs.twimg.com/media/EduUH-PWoAApqHC.png
1653,http://pbs.twimg.com/media/EduBlWEWkAA9tOI.png
1654,http://pbs.twimg.com/media/EdtpdeLXoAIOS2Y.png
1655,http://pbs.twimg.com/media/Edtc9pOWoAU6Y3b.png
1656,http://pbs.twimg.com/media/EdtWyJfXsAM2Rbf.png
1657,http://pbs.twimg.com/media/EdtAHtzXkAIlSag.png
1658,http://pbs.twimg.com/media/Edsz_deX0AEfeaT.png
1659,http://pbs.twimg.com/media/EdskyUcWkAIOdpF.png
1660,http://pbs.twimg.com/media/EdsdEiTXYAAcTjM.png
1661,http://pbs.twimg.com/media/Edp-fYpXkAE78Ht.png
1662,http://pbs.twimg.com/media/EdpnJMgWkAEEJtP.png
1663,http://pbs.twimg.com/media/EdpKiDZXoAAMdWC.png
1664,http://pbs.twimg.com/media/Edo3_f2XkAE44oT.png
1665,http://pbs.twimg.com/media/EdofzREWsAE8XWM.png
1666,http://pbs.twimg.com/media/EdoTX6nXYAAS7Vd.png
1667,http://pbs.twimg.com/media/EdoNMS1XgAESTI7.png
1668,http://pbs.twimg.com/media/Edn2pCWXYAIraSr.png
1669,http://pbs.twimg.com/media/EdnqZu1WoAAB9m_.png
1670,http://pbs.twimg.com/media/EdnbRvQXgAcM63V.png
1671,http://pbs.twimg.com/media/EdnNhzNWoAU2Ok8.png
1672,http://pbs.twimg.com/media/Edm9iqzXYAAbjXG.png
1673,http://pbs.twimg.com/media/Edk05rYXoAAiibQ.png
1674,http://pbs.twimg.com/media/EdkdjYsXoAI6NYp.png
1675,http://pbs.twimg.com/media/EdkR4WKWkAACRQA.png
1676,http://pbs.twimg.com/media/EdkA8fgXsAIOuam.png
1677,http://pbs.twimg.com/media/EdjuZ_kXkAArfZ2.png
1678,http://pbs.twimg.com/media/EdjWTNwX0AQcpYv.png
1679,http://pbs.twimg.com/media/EdjJyFcXoAgjpC1.png
1680,http://pbs.twimg.com/media/EdjDmxSXsAEEkR8.png
1681,http://pbs.twimg.com/media/EditwJvXYAA7U75.png
1682,http://pbs.twimg.com/media/Edig0CmXgAAIJU4.png
1683,http://pbs.twimg.com/media/EdiRkZ2WsAQDSM2.png
1684,http://pbs.twimg.com/media/EdiD2-vXgAcq0lK.png
1685,http://pbs.twimg.com/media/Edhz8_zXkAAr-Vr.png
1686,http://pbs.twimg.com/media/EdfrUCTXsAAQ9nR.png
1687,http://pbs.twimg.com/media/EdfT9tNWAAI1Qyg.png
1688,http://pbs.twimg.com/media/EdfISslXoAAfDXm.png
1689,http://pbs.twimg.com/media/Ede3WwQXsAArxlY.png
1690,http://pbs.twimg.com/media/Edek0P1WsAcbmfK.png
1691,http://pbs.twimg.com/media/EdeZHHEXkAI8zs_.png
1692,http://pbs.twimg.com/media/EdeMrX7XYAQz27r.png
1693,http://pbs.twimg.com/media/EdeAMRMX0AMZcbI.png
1694,http://pbs.twimg.com/media/Edd6A1fWAAEoKVz.png
1695,http://pbs.twimg.com/media/EddjarAXsAAUYHu.png
1696,http://pbs.twimg.com/media/EddXOu9WAAEEEWI.png
1697,http://pbs.twimg.com/media/EddH-KvWsAE36Si.png
1698,http://pbs.twimg.com/media/Edc6O4kXsAACtRy.png
1699,http://pbs.twimg.com/media/EdcqXGsXsAE3thP.png
1700,http://pbs.twimg.com/media/EdaWEbLWoAE2ew2.png
1701,http://pbs.twimg.com/media/EdaV5kdWAAAzJyb.png
1702,http://pbs.twimg.com/media/EdaVmeMWsAI4EGN.png
1703,http://pbs.twimg.com/media/EdaVbCuXgAIzeXj.png
1704,http://pbs.twimg.com/media/EdaOmc_XYAMs7QS.png
1705,http://pbs.twimg.com/media/EdaOi3DWAAAiEtp.png
1706,http://pbs.twimg.com/media/EdaOYY-WkAApQR3.png
1707,http://pbs.twimg.com/media/EdaOS88WoAEh57O.png
1708,http://pbs.twimg.com/media/EdaOC6jWoAQ5kGZ.png
1709,http://pbs.twimg.com/media/EdaN2KpXgAMdt0G.png
1710,http://pbs.twimg.com/media/EdaNVClXgAIi3kz.png
1711,http://pbs.twimg.com/media/EdaMarpXYAATgAt.png
1712,http://pbs.twimg.com/media/EdaL_cSXgAA0e2W.png
1713,http://pbs.twimg.com/media/EdaLv0PWkAEpCNu.png
1714,http://pbs.twimg.com/media/EdaKX5fX0AE4abG.png
1715,http://pbs.twimg.com/media/EdaIzvvWsAA5zrB.png
1716,http://pbs.twimg.com/media/EdZ-sy3XsAAxUqa.png
1717,http://pbs.twimg.com/media/EdZtw1iXgAExez6.png
1718,http://pbs.twimg.com/media/EdZbOVPXgAAhIWY.png
1719,http://pbs.twimg.com/media/EdZDAuBWsAIUUe0.png
1720,http://pbs.twimg.com/media/EdY2myVWoAIODQH.png
1721,http://pbs.twimg.com/media/EdYNouYWAAEWNlp.png
1722,http://pbs.twimg.com/media/EdX-TD-XkAI3WjV.png
1723,http://pbs.twimg.com/media/EdXwpSlXsAAUSLx.png
1724,http://pbs.twimg.com/media/EdXgxlhXYAEpZ6X.png
1725,http://pbs.twimg.com/media/EdVYIW_XkAAHH2H.png
1726,http://pbs.twimg.com/media/EdVAyJ8WAAA0J_C.png
1727,http://pbs.twimg.com/media/EdU1HC0XgAAJroo.png
1728,http://pbs.twimg.com/media/EdUkLHBXgAEBg49.png
1729,http://pbs.twimg.com/media/EdURodyX0AA7f31.png
1730,http://pbs.twimg.com/media/EdT5cJwXsAARi71.png
1731,http://pbs.twimg.com/media/EdTtBDSWkAcRKVe.png
1732,http://pbs.twimg.com/media/EdTm1aTXsAEEELX.png
1733,http://pbs.twimg.com/media/EdTQQ2hXkAAke4u.png
1734,http://pbs.twimg.com/media/EdTECtCWkAAuVYn.png
1735,http://pbs.twimg.com/media/EdS0xPoXoAIlYde.png
1736,http://pbs.twimg.com/media/EdSnIbUWkAE2zOk.png
1737,http://pbs.twimg.com/media/EdSXLyLXoAMnfuO.png
1738,http://pbs.twimg.com/media/EdQOilAWAAUoES9.png
1739,http://pbs.twimg.com/media/EdP3MaaWoAE87s0.png
1740,http://pbs.twimg.com/media/EdPrhfmXYAA8LKi.png
1741,http://pbs.twimg.com/media/EdPalnJXYAQ0iwy.png
1742,http://pbs.twimg.com/media/EdPIDBYWkAIH9oU.png
1743,http://pbs.twimg.com/media/EdOv2GcXgAE433V.png
1744,http://pbs.twimg.com/media/EdOjbG_WoAE-LhC.png
1745,http://pbs.twimg.com/media/EdOdPclWkAQ-fM-.png
1746,http://pbs.twimg.com/media/EdOGlsYWoAMoayh.png
1747,http://pbs.twimg.com/media/EdN6dJfXkAY5H-X.png
1748,http://pbs.twimg.com/media/EdNrHzUXkAAH07U.png
1749,http://pbs.twimg.com/media/EdNdfCJXgAA-n-N.png
1750,http://pbs.twimg.com/media/EdNNl9zXoAEHNeA.png
1751,http://pbs.twimg.com/media/EdLE81aXoAAa6fQ.png
1752,http://pbs.twimg.com/media/EdKtmmWXoAI2XWm.png
1753,http://pbs.twimg.com/media/EdKh7t7XYAAQxHX.png
1754,http://pbs.twimg.com/media/EdKQ_sIWsAIKyvy.png
1755,http://pbs.twimg.com/media/EdJ-dDJXsAI_3Mv.png
1756,http://pbs.twimg.com/media/EdJmepPXgAE7YSk.png
1757,http://pbs.twimg.com/media/EdJZ1PSXgAIFkqQ.png
1758,http://pbs.twimg.com/media/EdJTqH3XgAEwg0C.png
1759,http://pbs.twimg.com/media/EdI9AE-X0AQPDMg.png
1760,http://pbs.twimg.com/media/EdIw3riWkAIeIqj.png
1761,http://pbs.twimg.com/media/EdIhw5GWkAEX-ho.png
1762,http://pbs.twimg.com/media/EdIT-URXoAIo_FV.png
1763,http://pbs.twimg.com/media/EdIEATIWAAA1CbH.png
1764,http://pbs.twimg.com/media/EdF7XJYWkAI0hTb.png
1765,http://pbs.twimg.com/media/EdFkA5hWkAM4G4n.png
1766,http://pbs.twimg.com/media/EdFYV-gXkAEbw8p.png
1767,http://pbs.twimg.com/media/EdFHaFIWAAA2Tt8.png
1768,http://pbs.twimg.com/media/EdE03X_WAAEQxlr.png
1769,http://pbs.twimg.com/media/EdEcqUgXkAE_312.png
1770,http://pbs.twimg.com/media/EdEQPuFXoAgwImV.png
1771,http://pbs.twimg.com/media/EdELbt1X0AQHWRn.png
1772,http://pbs.twimg.com/media/EdEKEFnWkAAmvzm.png
1773,http://pbs.twimg.com/media/EdDziFpXYAEy1tG.png
1774,http://pbs.twimg.com/media/EdDnSLHXkAIkrC6.png
1775,http://pbs.twimg.com/media/EdDYDfgWAAECM4Q.png
1776,http://pbs.twimg.com/media/EdDKTgHXgAAFNsN.png
1777,http://pbs.twimg.com/media/EdC6aVaXkAAi6Ab.png
1778,http://pbs.twimg.com/media/EdAxxYhXkAE83QR.png
1779,http://pbs.twimg.com/media/EdAabRoWoAUull4.png
1780,http://pbs.twimg.com/media/EdAOwD3XYAcWGaM.png
1781,http://pbs.twimg.com/media/Ec_90CTWsAIzgBY.png
1782,http://pbs.twimg.com/media/Ec_rRofWkAE7PSS.png
1783,http://pbs.twimg.com/media/Ec_TAtvXkAArMyZ.png
1784,http://pbs.twimg.com/media/Ec_GqBZXoAQQb6o.png
1785,http://pbs.twimg.com/media/Ec_AeU5XkAABhOe.png
1786,http://pbs.twimg.com/media/Ec-qHwwXsAEDopb.png
1787,http://pbs.twimg.com/media/Ec-dr5PXkAEdaig.png
1788,http://pbs.twimg.com/media/Ec-OXxgXYAACc7P.png
1789,http://pbs.twimg.com/media/Ec-Ayg3WkAEfZl3.png
1790,http://pbs.twimg.com/media/Ec9w0xLX0AE0tEj.png
1791,http://pbs.twimg.com/media/Ec7oLoQWoAA_XV2.png
1792,http://pbs.twimg.com/media/Ec7Q1rzXoAAUFv7.png
1793,http://pbs.twimg.com/media/Ec7FKQ7WAAM3zrS.png
1794,http://pbs.twimg.com/media/Ec60OdCWsAEXCEZ.png
1795,http://pbs.twimg.com/media/Ec6hr2bXgAEZmVw.png
1796,http://pbs.twimg.com/media/Ec6JbEpXgAY_h5C.png
1797,http://pbs.twimg.com/media/Ec59Ea0XYAEaB4y.png
1798,http://pbs.twimg.com/media/Ec524gaXgAEGhsg.png
1799,http://pbs.twimg.com/media/Ec5gVy0WoAAFZng.png
1800,http://pbs.twimg.com/media/Ec5UGXBWAAIGqlZ.png
1801,http://pbs.twimg.com/media/Ec5Ez8eXkAAQc8_.png
1802,http://pbs.twimg.com/media/Ec43DY5WAAQMIS3.png
1803,http://pbs.twimg.com/media/Ec4nO-nXsAUrVeQ.png
1804,http://pbs.twimg.com/media/Ec2e1VjWoAAWG05.png
1805,http://pbs.twimg.com/media/Ec2el0-WoAAIio1.png
1806,http://pbs.twimg.com/media/Ec2dJTbWoAEmQ8t.png
1807,http://pbs.twimg.com/media/Ec2bJMvWkAIa43d.png
1808,http://pbs.twimg.com/media/Ec2YNBNXoAYQj7g.png
1809,http://pbs.twimg.com/media/Ec2WxOtXgAE373b.png
1810,http://pbs.twimg.com/media/Ec2TdhRXoAQyhVp.png
1811,http://pbs.twimg.com/media/Ec2HPlMXkAYC6r_.png
1812,http://pbs.twimg.com/media/Ec17kwzX0AEfLaB.png
1813,http://pbs.twimg.com/media/Ec1qog0XYAACMaE.png
1814,http://pbs.twimg.com/media/Ec1YGACXgAE-YDS.png
1815,http://pbs.twimg.com/media/Ec1ACNEWsAEyBe3.png
1816,http://pbs.twimg.com/media/Ec0zeR9XsAAWlAe.png
1817,http://pbs.twimg.com/media/Ec0tS5TXoAANOQ7.png
1818,http://pbs.twimg.com/media/Ec0KgOiWsAAFQFV.png
1819,http://pbs.twimg.com/media/Ecz7QCSXkAA0z2E.png
1820,http://pbs.twimg.com/media/Ecztf7nXoAAcek8.png
1821,http://pbs.twimg.com/media/EczdpMqXgAAKtFM.png
1822,http://pbs.twimg.com/media/EcxVADQXsAA5w5M.png
1823,http://pbs.twimg.com/media/Ecw9qByX0AIov1W.png
1824,http://pbs.twimg.com/media/Ecwx-8NXsAAALNP.png
1825,http://pbs.twimg.com/media/EcwhC1YWsAUV1sI.png
1826,http://pbs.twimg.com/media/EcwOgRIXYAA8C5Z.png
1827,http://pbs.twimg.com/media/Ecv2Uj2X0AAmDbz.png
1828,http://pbs.twimg.com/media/Ecvp4ncWsAA1Yeh.png
1829,http://pbs.twimg.com/media/EcvjtSDXkAEaGxg.png
1830,http://pbs.twimg.com/media/EcvNDurXgAEne5R.png
1831,http://pbs.twimg.com/media/EcvA6gwWsAE9_5o.png
1832,http://pbs.twimg.com/media/EcuxlTIXkAEgdAe.png
1833,http://pbs.twimg.com/media/Ecuj3UUWsAEkuJ1.png
1834,http://pbs.twimg.com/media/EcuUDWUWoAIWh_5.png
1835,http://pbs.twimg.com/media/EcsLaX8XoAAzHNo.png
1836,http://pbs.twimg.com/media/Ecr0EHRXsAUXA52.png
1837,http://pbs.twimg.com/media/EcroZCdWoAIIqW9.png
1838,http://pbs.twimg.com/media/EcrXdI6WoAAxA3F.png
1839,http://pbs.twimg.com/media/EcrW14OWsAEuia3.png
1840,http://pbs.twimg.com/media/EcrU8KcXgAAR1c-.png
1841,http://pbs.twimg.com/media/EcrE6rxXYAEnBlM.png
1842,http://pbs.twimg.com/media/EcqgTALWoAIJ94f.png
1843,http://pbs.twimg.com/media/EcqaHdvXsAUwvRq.png
1844,http://pbs.twimg.com/media/EcqDdWnXgAA3gFJ.png
1845,http://pbs.twimg.com/media/Ecp3UvyXoAIuIll.png
1846,http://pbs.twimg.com/media/EcpoA1JWoAE81U8.png
1847,http://pbs.twimg.com/media/EcpaXZ9X0AEpr9U.png
1848,http://pbs.twimg.com/media/EcnB0fmX0AI0rBQ.png
1849,http://pbs.twimg.com/media/Ecmrnh5XoAYC1GZ.png
1850,http://pbs.twimg.com/media/EcmqedJWoAAleVX.png
1851,http://pbs.twimg.com/media/EcmoV9-WkAQUq9H.png
1852,http://pbs.twimg.com/media/Ecmn6f6WsAcKCHp.png
1853,http://pbs.twimg.com/media/Ecmn0QVXgAcMx9L.png
1854,http://pbs.twimg.com/media/EcmnlgsWsAEy67U.png
1855,http://pbs.twimg.com/media/EcmnYKFXgAg_tA6.png
1856,http://pbs.twimg.com/media/EcmnQdmWAAUJPsT.png
1857,http://pbs.twimg.com/media/Ecmm73WWoAAHkpe.png
1858,http://pbs.twimg.com/media/EcmezcUXoAA6Rg9.png
1859,http://pbs.twimg.com/media/EcmN3S2WsAIcQkh.png
1860,http://pbs.twimg.com/media/Ecl7UymXsAEBmtT.png
1861,http://pbs.twimg.com/media/EcljNq7X0AExh_x.png
1862,http://pbs.twimg.com/media/EclWtBLXkAAbeWM.png
1863,http://pbs.twimg.com/media/EclQhv8WsAAj4Ya.png
1864,http://pbs.twimg.com/media/Eck6BbuWsAEL5ZI.png
1865,http://pbs.twimg.com/media/EckejL3XoAE6fPR.png
1866,http://pbs.twimg.com/media/EckA356WkAAmbs5.png
1867,http://pbs.twimg.com/media/Ech4O3BXgAAAktb.png
1868,http://pbs.twimg.com/media/EchVNrmWAAU0nVv.png
1869,http://pbs.twimg.com/media/EcgxvKcXoAAxfcW.png
1870,http://pbs.twimg.com/media/EcgNHSYX0AAgi7Y.png
1871,http://pbs.twimg.com/media/EcgG72EWoAAuzJ-.png
1872,http://pbs.twimg.com/media/EcfwYKRXsA4cMZ8.png
1873,http://pbs.twimg.com/media/EcfU-0BXkAABzdv.png
1874,http://pbs.twimg.com/media/Ece3SFmWAAAlWOt.png
1875,http://pbs.twimg.com/media/EcdG_sAXQAE1r4Y.png
1876,http://pbs.twimg.com/media/EcdG85WX0AA6SjY.png
1877,http://pbs.twimg.com/media/EcdG6ZPXsAMLJl1.png
1878,http://pbs.twimg.com/media/EcdG12zWAAAJn2D.png
1879,http://pbs.twimg.com/media/EcdGzLvXkAAQ9kv.png
1880,http://pbs.twimg.com/media/EcdGwftWAAAqQ0t.png
1881,http://pbs.twimg.com/media/EcdGrumXQAAOlrk.png
1882,http://pbs.twimg.com/media/EcdGn_iXgAATuUV.png
1883,http://pbs.twimg.com/media/EcdGVm0XkAMlUmL.png
1884,http://pbs.twimg.com/media/EcdGMjPWsAESN9z.png
